Type,resId,Name,Address,Has fake reviews,Rating,Votes,Has Bulk Offers
restaurant,19538187,Parampara - Flavours Of India,"6-3-249/5/1/103 & 104, 1st Floor, ANR Centre, Road 1, Banjara Hills, Hyderabad",0,4.1,"3,539",[]
restaurant,22629775,Qaffeine Bistro,"8-2-208/19, Road 10, Banjara Hills, Hyderabad",0,4.3,132,[]
restaurant,91833,Okra - Hyderabad Marriott Hotel & Convention Centre,"1-3-1036/1/A, Tank Bund Road, Opposite Hussain Sagar Lake, Kavadiguda, Circle 14, Hyderabad Marriott Hotel And Convention Centre, Rani Gunj, Secunderabad",0,4.2,"1,794",[]
restaurant,20728420,Lake District Bar & Kitchen,"Eat Street, PV Narasimha Rao Marg, Opposite Lake Police Station, Hussain Sagar Khairtabad, Hyderabad, Khairatabad, Hyderabad",0,4.0,"2,136",[]
restaurant,21785311,Tiga - The Leela,"8-2-268, ROAD NO 2, BANJARA HILLS, Hyderabad, Telangana, 500034, Banjara Hills, Telangana, Srinagar Colony, Hyderabad",0,4.8,184,[]
restaurant,22279071,Adi - The Leela,"Road No. 2, Sagar Society, Sri Nagar Colony, Aurora Colony, Telangana 500034, Banjara Hills, Telangana, Srinagar Colony, Hyderabad",0,3.8,55,[]
restaurant,21611924,Solcito - The Leela,"Lobby Level, THE LEELA, 8-2-268/A/1/1, Sagar Society, Sri Nagar Colony, Aurora Colony, Banjara Hills, Hyderabad",0,4.1,120,[]
restaurant,22453120,Angry Sardar,"Road 2, Parkview Enclave, Banjara Hills, Hyderabad",0,4.5,288,[]
restaurant,22295613,Babylon Brewery & Club,"148/2/E, Nanakramguda, Hyderabad",0,4.5,"4,607",[]
restaurant,20277915,Telangana Spice Kitchen,"108, 1-7-392 to 394, Circle 29, Sarojini Devi Road, Paradise Circle, Secunderabad",0,4.4,"5,412",[]
restaurant,20165957,Authentic Belgian Waffles,"House 4-7-3/2/A/B/B, Plot 32, Survey 374/1, Near Tara College, Sangareddy, Hyderabad",0,3.9,4,[]
restaurant,18629270,Vivaha Bhojanambu,"Shop 12, Ground Floor, Eden Square, Regimental Bazaar, Shivaji Nagar, Near Apollo Hospital, Secundrabad, Secunderabad",0,4.2,18.7K,[]
restaurant,20562643,Babylon Bar And Kitchen,"Plot 346, 8-2-193/82/A/346/1, Jubilee Hills, Hyderabad",0,4.3,"4,115",[]
restaurant,18228803,The Moonshine Project,"385, Road 82, Phase III, Jubilee Hills, Hyderabad",0,4.3,"1,879",[]
restaurant,22435130,The Grandline - World's Largest Buffet,"5th Floor, Sarath city capital mall, Whitefields, Kondapur, Hyderabad",0,4.1,892,[]
restaurant,22424909,Tambo,"49-C, Door 8-2-293/82/A/49/B & C, Plot 49-B, Circle 18, Hakimpet, Road 9/A, Jubilee Hills, Hyderabad",0,4.4,700,[]
restaurant,21819518,MOAI,"Survey 237, Plot 139, Anvaya Conventions Road, Financial District, Hyderabad",0,4.5,"4,343",[]
restaurant,20836806,PaPaYa  - Modern Asian Bistro,"8-2-293/82/Jiii/377, Circle 18, Film Nagar, Hyderabad",0,4.2,"2,619",[]
restaurant,19982534,Makau,"Plot 732, H.No. 8-2-293/82/A/732/1, CBI Colony, Road 37, Opposite GVPR Engineering's, Jubilee Hills, Hyderabad",0,4.0,"8,666",[]
restaurant,21989329,Lunar Cafe,"Madhu Vihar, Rd Number 7, Durga Bhavani Nagar, Women's Welfare Housing Society, Jubilee Hills, Hyderabad",0,4.3,369,[]
restaurant,20997853,63 Degrees Modern Regional Buffet,"28, Plot 25, 2nd Floor, Mindspace Road, pposite Meenakshi Bamboos Road, P Janardhan Reddy Nagar, Gachibowli, Hitech City, Hyderabad",0,4.5,"1,288",[]
restaurant,20901980,Verandah By TSK,"5th Floor, CVK Park Square, Kalasiguda, S D Road, Secunderabad",0,4.4,872,[]
restaurant,20236950,Red Rhino,"Western Dallas Center, Silpa Gram Craft Village, Rai Durg, Main Road, Madhapur, Hyderabad",0,4.3,19.1K,[]
restaurant,20598223,Zythum Brewing Co.,"74 A, Park View Enclave, Check Post Road, Jubilee Hills, Hyderabad",0,4.3,"9,096",[]
restaurant,21240405,Daily Rituals,"D.8-2-293/82/A/1181, Plot 1181, Sy.403/1 (Old), 120 (New), Phase-1, Co-op House Building Society Ltd, Cable Bridge Road, Jubilee Hills, Hyderabad",0,4.4,12.9K,[]
restaurant,21288214,Osaka,"House 8-2-293/82/A/116/A/1, Circle 18, Shaikpet, Road 10, Jubilee Hills, Hyderabad",0,4.5,"1,284",[]
restaurant,21058610,Habitat Cafe,"8-2-412, 5th Floor, Vimbari Boulevard, Sy 389, Khairtabad Circle 17, Road 4 & 6, Banjara Hills, Hyderabad",0,4.3,"9,747",[]
restaurant,22424776,Jammin Junction Bar & Kitchen,"Plot 377, 1st Floor, Road-82, Near Phase-3, Film Nagar, Hyderabad",0,3.3,97,[]
restaurant,21839950,AKINA,"Terrace, THE LOFT, Hitech City, Hyderabad",0,4.5,"1,056",[]
restaurant,18965675,Chubby Cho,"Plot 1335/A, 3rd Floor, Road 45, Jubilee Hills, Hyderabad",0,4.3,"4,524",[]
restaurant,21320229,Jamun,"Road Number 10, beside PMJ Jewels Flagship Store, Jawahar Colony, Jubilee Hills, Hyderabad",0,4.2,"1,591",[]
restaurant,18459130,Fat Pigeon,"Plot 1335/A, Road 45, Jubilee Hills, Hyderabad",0,4.1,"3,020",[]
restaurant,20890841,Mamalola Penthouse Bar & Kitchen,"Level-13, The District, Myscape Road, Financial District, Hyderabad",0,4.3,10K,[]
restaurant,19684456,45th Avenue,"8-2-293/82/A/1355-H/G, Road 1, Niharika Jubilee One Building, Circle 10, Khairatabad, Film Nagar, Hyderabad",0,4.4,"4,818",[]
restaurant,20892247,AnTeRa Kitchen And Bar,"H 1-72/3/6/28/A Grounf & 1St Floor, Konstruct Building 1, Mindspace Rd, P Janardhan Reddy Nagar, Serlingampally Circle 20, Gachibowli, Hyderabad",0,4.3,16K,[]
restaurant,20514854,Naatu Kitchen And Bar,"8-2-293/82, Plot 1217 A, Pillar No. 1632, 1633, Jawahar Colony, Road 36, Jubilee Hills, Hyderabad",0,4.3,"8,412",[]
restaurant,18356469,Prost,"Plot 1026, Near Quadro Living, CBI Colony, Cable Bridge Road, Jubilee Hills, Hyderabad",0,4.3,"7,512",[]
restaurant,21152603,Illuzion Club & Kitchen,"8-2-293/82/A/135/1, Road Number 10, Jubilee Hills, Hyderabad",0,4.0,172,[]
restaurant,22368779,Marquee - Where Night Begins,"2-37/9 to 11 and 16 to 18, 4th and 5th Floor, Time Square Building, Vinayak Nagar, Indira Nagar, Gachibowli, Hyderabad",0,4.3,"2,522",[]
restaurant,18795170,President Dhaba Bar & Kitchen,"1217/A, 4 Floor, Road 36, Jubilee Hills, Hyderabad",0,4.1,"7,642",[]
restaurant,20722781,Ukusa,"Plot 130, 8/2/293/82, A/130, Road 10, Jubilee Hills, Hyderabad",0,4.2,"3,732",[]
restaurant,18808521,Krishnapatnam,"1217/A, 3rd Floor, Shreshta Aura, Road 36, Jubilee Hills, Hyderabad",0,4.2,12.1K,[]
restaurant,20927307,Anthm,"252/7, Financial District, Nanakramguda, Hyderabad",0,4.1,"4,466",[]
restaurant,20919932,Jathara Bar & Kitchen,"8-2-293, Pillar 1630, Jawahar Colony, Road 36, Near Apurupa Towers, Jubilee Hills, Hyderabad",0,4.1,"4,376",[]
restaurant,90847,Chili's Grill and Bar,"F 48, 1st Floor, Inorbit Mall, Hitech City, Hyderabad",0,4.3,16.3K,[]
restaurant,20037678,Onegolf Brewery,"Sy.No.237 & 251, Vattinagulapally, Narsingi-500075, Hyderabad., Gandipet, Rangareddi, Telangana-500075, Telangana",0,4.5,"4,787",[]
restaurant,21048793,Akan,"Plot 28, Survey 62, Shaikpet, Opposite Durgam Cheruvu, Doctor's Colony, Madhapur, Hyderabad",0,4.2,"2,529",[]
restaurant,20954918,Mindspace Social,"Survey 64, Ground Plus Level, Hitech City, Hyderabad",0,4.3,"8,390",[]
restaurant,21928244,Tansen,"332 & 333, Prestige Skytech, Puppalaguda, Gandipeta, Financial District, Nanakramguda, Hyderabad",0,4.6,585,[]
restaurant,19183269,Amnesia Sky Bar,"103, 104, 5th Floor, Inorbit Mall, Mind Space Road, Software Units Layout, Madhapur, Hitech City, Hyderabad",0,4.1,"3,361",[]
restaurant,19347494,Exotica,"Unit 7A, 7th Floor, 1-98/3/5/23, 24, 25, 26, 27, Survey 66 And 67, Jubilee Enclave, Serlingampally, Madhapur, Hyderabad",0,4.6,14.1K,[]
restaurant,19899034,Elsewhere Lounge & Kitchen,"Fantasy Square, 5th Floor, Jayabheri Pine Valley, Old Mumbai Highway, Gachibowli, Hyderabad",0,4.3,"2,998",[]
restaurant,20259091,Air Live,"Sarath City Capital Mall, Miyapur Road, Gachibowli, Hyderabad",0,4.3,"2,868",[]
restaurant,20357948,Barbeque Holic,"3rd Floor, Sahiti Sudha Square, Gachibowli Miyapur Road, Hanuman Nagar, Shilpa Hills, Kondapur, Hyderabad",0,4.4,10.2K,[]
restaurant,18807262,Broadway,"CBI Colony, Rina Mandal Road, Jubilee Hills, Hyderabad",0,4.2,"5,618",[]
restaurant,21877989,Resign Skybar,"4/1 &4/64, Ohris Cyber Centre Huda Techno Enclave, Mindspace, Hitech City, Hyderabad",0,4.3,"1,463",[]
restaurant,22337260,Native Bar & Kitchen,"251/8, E/1, Kingdome Klub Road, Gandipet, Hyderabad",0,4.2,587,[]
restaurant,21645768,Telusa Telugu Kitchen and Bar,"1st Floor, One Golden Mile, Golden Mile Road, Kokapet, Hyderabad",0,4.2,"5,987",[]
restaurant,20788521,Burma Burma - Hitech City,"Shop CD-01-02, Survey 83/1, Ground Floor, Octave Block, Hitech City, Hyderabad",0,4.6,"3,290",[]
restaurant,21084944,AnTeRa Courtyard,"Sy 251/8, E/1, Vattinagulapally, Antera Courtyard Road, Financial District, Hyderabad",0,4.3,13.7K,[]
restaurant,18312984,Sahib's Barbeque By Ohri's,"Plot 4/1 - 4/2, 64, Ohris Cyber Grub, Huda Techno Enclave, Opposite Mind Space Centre, Madhapur, Hyderabad",0,3.9,18.6K,[]
restaurant,20985998,Cara Cara,"8th Floor, Hotel Daspalla Hyderabad, Road No. 37, CBI Colony, Jubilee Hills, Hyderabad",0,4.3,"1,401",[]
restaurant,19679644,7 Sisters,"2-17/7-A, Near NAC Gate, Shilpa Hills, Izzat Nagar, Kondapur, Serilingampally, Kondapur, Hyderabad",0,4.5,19.7K,[]
restaurant,19878202,Forge Breu - Hous,"775/I, Plot Road 45, Cbi Colony, Jubilee Hills, Hyderabad",0,4.3,"5,130",[]
restaurant,21156189,Forefathers,"872, CBI Colony, Masthan Nagar, Road 45, Jubilee Hills, Hyderabad",0,4.4,"2,972",[]
restaurant,21153085,Echoes,"Plot 75, SY, Brundavan Colony, Rangareddy, Narsingi, Hyderabad",0,4.2,"2,768",[]
restaurant,21894267,Underdoggs,"Floor-3, Plot No:16, Sy No:83/1, A 108, Sattva Knowledge Park, Raidurg Village, Hitech City, Hyderabad",0,3.7,"1,393",[]
restaurant,20008044,Mrs. Mage - Hyatt Hyderabad,"Road 2, I.T. Park, Nanakram Guda, Gachibowli, Hyderabad",0,3.3,"1,548",[]
restaurant,21962609,Summer Bistro,"Metro Pillar 1552, Women's Welfare Housing Society, Road 5, Jubilee Hills, Hyderabad",0,4.0,"1,486",[]
restaurant,19458910,The Sanctuary Bar & Kitchen,"Plot 29, Road 1, Film Nagar, Hyderabad",0,4.4,"4,628",[]
restaurant,18550292,Flechazo GOLD,"2nd Floor, Sun Towers, HUDA Techno Enclave, Sector 1, Near Mangatrai Jewellers, Madhapur, Hyderabad",0,3.8,16.7K,[]
restaurant,21550771,Oye Kake,"Shop 2, Unit 2, Gate 11, Sattva Knowledge City, Near T-Hub, Hitech City, Hyderabad",0,4.4,"2,507",[]
restaurant,20670174,Lord Of The Drinks,"CBI Colony, Cable Bridge Road, Jubilee Hills, Hyderabad",0,4.2,"1,204",[]
restaurant,18640259,Mazzo - Rooftop Bar,"Survey 133, Level ST, SLN Terminus, Near Botanical Garden, Kondapur, Hyderabad",0,4.1,"3,536",[]
restaurant,20953447,Luno - Lounge Bar & Kitchen,"Survey 237, 252, ISB Rd, Vattinagulapally, Nanakramguda, Circle 11, Financial District, Hyderabad",0,4.2,"5,373",[]
restaurant,20826013,Tabula Rasa,"1-8, Laxmi Road 4, Financial District, Waverock Road, Nanakramguda, Hyderabad",0,4.5,"4,429",[]
restaurant,21880264,The Happy Yard Bar & Kitchen,"Plot 879, CBI Colony, Road 45, Jubilee Hills, Hyderabad",0,4.6,477,[]
restaurant,22423933,Narumi Pan Asian Kitchen & Bar,"Ground Floor, Argus Building, Silpa Gram Craft Village, Near Knowledge City Road, Hitech City, Hyderabad",0,4.5,687,[]
restaurant,22474288,Accha Telugu Kitchen & Bar,"Hussain Sagar, Opposite Lake Police Station, PV Narasimha Rao Marg, Somajiguda, Hyderabad",0,4.3,943,[]
restaurant,22272549,Kompound,"Sai Laxmi road 4, Financial District, Wave Rock Road, Serilingampalle Nanakramguda, Hyderabad",0,4.4,"1,193",[]
restaurant,91500,Hard Rock Cafe,"Ground Floor, GVK One Mall, Road 1, Banjara Hills, Hyderabad",0,4.3,"7,009",[]
restaurant,18557350,President Dhaba,"36 Capital Pk Road, Cyber Hills Colony, VIP Hills, Silicon Valley Madhapur, Hyderabad",0,4.0,29.6K,[]
restaurant,22606973,Brew Times,"2-88/AM/401, Survey 342/1, Gandipet, Hyderabad",0,4.3,444,[]
restaurant,22678742,Tanah Kitchen & Bar,"5th Floor, P Janardhan Reddy Nagar, Near Aig Hospital, Meenakshi Bamboos Road, Gachibowli, Hyderabad",0,4.4,272,[]
restaurant,21819521,Big Bull,"Survey 237, Plot 139, Anvaya Conventions Road, Financial District, Hyderabad",0,4.1,466,[]
restaurant,22289538,Asembli,"Door 2-59/97, 92/1 Survey 92/Part, Serlingampally Circle 20, Nanakramguda, Hyderabad",0,4.3,124,[]
restaurant,21528554,PAUL,"Unit 13/14/5, Plot 8B/2/ 9/10A/ 10B, Ground Floor, Nexity Tower 10, Serilingampally, Hitech City, Hyderabad",0,4.3,"3,347",[]
restaurant,22237236,Taamara - South Indian Artisan Kitchen,"Survey 50, Plot 78/79, Circle 20, Diamond Hills, Gachibowli Road, Gachibowli, Hyderabad",0,3.7,554,[]
restaurant,21494415,KOKO,"Ground Floor, Tower-30, RMZ Nexity, Silpa Gram Craft Village, Hitech City, Hyderabad",0,4.6,"1,796",[]
restaurant,21219332,One8 Commune,"1st Floor, The Loft, Hitech City, Hyderabad",0,4.3,"2,030",[]
restaurant,22504783,Always Sunday,"Plot 17, Ground Floor, Acess Towers, Prashant Hills, Road 2, Manikonda, Hyderabad",0,4.3,530,[]
restaurant,18402110,The Lal Street - Bar Exchange,"Level 2, SLN Terminus Mall, Gachibowli, Hyderabad",0,4.0,"4,430",[]
restaurant,20459362,Renao Cafe & Bistro,"Jaihind Enclave, Madhapur, Hyderabad",0,4.2,"9,907",[]
restaurant,21097260,Masterpiece,"4th Floor, Preston Prime Mall, Lumbini Avenue, Hitech City Main Road, Gachibowli, Hyderabad",0,3.9,"6,046",[]
restaurant,22622468,Native South,"Floor 4, Anand Mall Narsingi, Gandipet, Hyderabad",0,4.5,532,[]
restaurant,22179326,Dune Bar & Kitchen,"5Th Floor, 82A, Apurupa Towers, Jawahar Colony, Road 36, Jubilee Hills, Hyderabad",0,4.4,826,[]
restaurant,21554309,Telangana Spice Kitchen Bar & Grill,"Gate 7, Sattva Knowledge Park, Silpa Gram Craft Village, Hitech City, Hyderabad",0,4.1,"2,019",[]
restaurant,20247938,Flechazo,"Forth Floor, PNR Empire, HMT Sathavahana Nagar, Kukatpally, Hyderabad",0,3.9,"3,051",[]
restaurant,21590805,Tan Coffee,"1-90/2/4/8A, Khanamet Village, Near Hitech City Flyover, Service Road, Madhapur, Hyderabad",0,4.3,"1,265",[]
restaurant,22216249,Gulaab And  Ghee - Elevated Vegetarian Cuisine,"6-3-1112, Khairatabad Circle 17, Somajiguda, Hyderabad",0,4.1,516,[]
restaurant,18538735,Over The Moon Brew Company,"Plot B 2, 6/1 Quiet Lands, Serlingampally, Circle 20, Hyderabad, Gachibowli, Hyderabad",0,4.5,"7,852",[]
restaurant,22232417,Skyline Brew Co,"Above Reliance Digital, 4Th Floor, Plot 4&5, H 2-162/2, BBR Arcade, Q City Gopannapally Road, Gachibowli, Hyderabad",0,4.2,"2,274",[]
restaurant,92578,Aqua - The Park,"22, Raj Bhavan Road, The Park, Somajiguda, Hyderabad",0,4.2,"2,567",[]
restaurant,20983729,Firestone Grill,"R-03, 3rd Floor, Lulu Mall, JNTU, Hitech City Road, Kukatpally, Hyderabad, Kukatpally Circle No 24, Hyderabad, Telangana-500072",0,4.3,"5,696",[]
restaurant,21166575,Noho - Progressive Asian House,"Plot 1057/G, Near SBI Bank, Nandagiri Hills, Cable Bridge Road, Jubilee Hills, Hyderabad",0,4.4,"2,720",[]
restaurant,19948263,Grease Monkey Lounge Bar & Kitchen,"5th Floor, Empire Square Building, Road 36, Jubilee Hills, Hyderabad",0,3.9,643,[]
restaurant,21365469,Roast CCx,"129/73/1, Laxmi Pinnacle, Circle 18, Venkat Nagar, Road 3, Banjara Hills, Hyderabad",0,4.4,"2,260",[]
restaurant,21590641,Warehouse 81,"House 1/89/3/17, Survey 62, Plot 17, Serilingampally Circle 20, Softwares Layout, Near Potents Cross Fit, Madhapur, Hyderabad",0,4.4,353,[]
restaurant,21962725,Kyma,"8 & 9, A Wing, Tower 2, Pan Maktha Village, Raidurg, Hitech City, Hyderabad",0,4.5,613,[]
restaurant,19873462,Zero40 Brewing,"Door 4-62/2, Gachibowli, Hyderabad",0,4.5,"5,501",[]
restaurant,22280675,Orlo,"1-89/3/1, R-Quad, 3rd Floor, Durgam, Cheruvu Road, Serlingampally, Madhapur, Hyderabad",0,4.4,390,[]
restaurant,21180148,IGURU,"Arka Kakuth, Unit 2, Ground And First Floor, Behind Q Lanco Hills Road, Khajaguda, Serlingampally Circle 20, Hitech City, Hyderabad",0,4.4,"2,232",[]
restaurant,22458277,Telangana Spice Kitchen - Bar & Grill,"Plot 373, Road Number 10, Jubilee Hills, Hyderabad",0,4.3,986,[]
restaurant,21388722,Nando's- Flame Grilled PERi- PERi Chicken,"Unit PL 11-B, Survey 83/1, Plot 9, 10/A, 10/B & 8B/2, Ground Floor, Tower 30, Hitech City, Hyderabad",0,4.5,"2,990",[]
restaurant,21187598,The Beer Cartel,"Silpa Gram Craft Village, Sattva Knowledge Park, Rai Durg, Hitech City, Hyderabad",0,4.6,"1,206",[]
restaurant,93766,Olive Bistro & Bar,"Road 46, Circle No.10 Old MCH Circle-V Khairatabad, Jubilee Hills, Hyderabad",0,4.2,"4,660",[]
restaurant,20132986,Hotel Mayukha Jungle Theme Restaurant,"PNR Empire, 1st Floor, Kukatpally, Hyderabad",0,3.7,"1,365",[]
restaurant,19219840,Aaromale,"A 72, Giani Zail Singh Nagar, Road 12, Near Film Nagar, Hyderabad",0,4.5,"4,744",[]
restaurant,20976279,White Hart,"3rd Floor, Preston Prime Mall, Near Bio Diversity Junction, Lumbini Avenue, Gachibowli, Hyderabad",0,4.3,"2,994",[]
restaurant,20418596,X Lounge,"6th Floor, Phoenix Tower A, Opposite Trident Hotel, Hitech City, Hyderabad",0,4.2,"1,721",[]
restaurant,93598,Fusion 9,"Unit T1 & T3, 5th Floor, Inorbit Mall, Mind Space, Madhapur, Hyderabad",0,3.9,"3,705",[]
restaurant,21036992,Pandaga,"102, Third Floor, SSS Square Building, Laxmi Cyber City, Whitefields, Kothaguda X Road, Kondapur, Hyderabad",0,4.3,"4,487",[]
restaurant,22189168,Samprada Telugu Cuisine,"4th Floor, Satyanarayana Arcade, Vinayaknagar Colony, Gachibowli, Hyderabad",0,3.7,"1,049",[]
restaurant,22685256,Open Your Mouth - OYM,"1102, Road No. 36, CBI Colony, Jubilee Hills, Hyderabad",0,3.5,57,[]
restaurant,21464276,Urban Nemo Cafe in Garden,"104, Park View Enclave, Jubilee Hills, Hyderabad",0,4.2,"1,162",[]
restaurant,21328101,Qosa Kitchen & Bar ,"Rangareddy, Rajendranagar, Gandipet, Hyderabad",0,4.4,865,[]
restaurant,21975059,Radio Bar,"Ground Floor, Tower 30, Silpa Gram Craft Village, Hitech City, Hyderabad",0,4.6,332,[]
restaurant,18544039,Roastery Coffee House,"House 418, 8/2/287/12, Road 14, Banjara Hills, Hyderabad",0,4.5,16.3K,[]
restaurant,21585493,SA MA - The Indian Kitchen,"Plot 5, MLA Colony, Film Nagar, Hyderabad",0,4.2,538,[]
restaurant,21066027,Aidu Kitchen,"Plot Number. 1057/G, Near SBI Bank, Cable Bridge Road, Nandagiri Hills, Jubilee Hills, Hyderabad",0,4.3,"3,093",[]
restaurant,21270445,Sky Salt,"H.no. 8-2-293/82/a/806/1, Terrace Of Axis Towers, Road No. 36, Jubilee Hills, Hyderabad",0,4.2,796,[]
restaurant,22594738,AM AHA Telugu Kitchen,"1-150/1, Near Shilpa Grammar High School, Madhapur, Hyderabad",0,4.1,395,[]
restaurant,96626,Jonathan's Kitchen,"Survey 27/1-2-3-4, Nanakramguda, Financial District, Financial District, Hyderabad",0,4.0,12.4K,[]
restaurant,21191550,Rasyumm Multicuisine Veg & Non Veg,"3rd Floor, P Janardhan Reddy Nagar, Near AIG Hospital, Hitech City, Hyderabad",0,4.0,"1,614",[]
restaurant,21051244,Tales of Telugu,"Gate 11, Ground, Salarpuria Sattiva Knowledge City, 2.0, Next to T-Hub, Silpa Gram Craft Village, Madhapur, Hyderabad, Madhapur, Hyderabad",0,4.2,"3,150",[]
restaurant,21704144,TTeokBoKKi,"Survey 66/2, Plot 32, 2nd Floor, teja sarees building, Chitrapuri Colony, Rainbow Vista, Khajaguda, Naga Hills, Circle 20, Gachibowli, Hyderabad",0,4.2,"3,039",[]
restaurant,20653804,Vibeyard,"Plot B-22, Road 8, Film Nagar, Jubilee Hills, Hyderabad",0,4.1,"2,116",[]
restaurant,18800475,The Glass Onion,"Madhava Reddy Colony, Boulder Hills, Opposite ISB, Near Infosys, Gachibowli, Hyderabad",0,4.2,"5,397",[]
restaurant,20730219,The Joint Al- Mandi,"3rd Floor, PNR Empire, HMT Sathavahana Nagar, NH 65, Kukatpally, Hyderabad",0,4.2,"6,155",[]
restaurant,19633740,The Nawaabs Restaurant,"3/136, Anjaiah Nagar, Gachibowli Road, Gachibowli, Hyderabad",0,3.8,28.1K,[]
restaurant,21478136,Am Aha Kitchen and Bar,"4th Floor, 64, Inorbit Mall Rd, APIIC Software Layout, Madhapur, Hyderabad",0,4.2,"1,357",[]
restaurant,22229544,Studio XO x Stone Waters,"Prestige Skytech, Puppalaguda, Gandipeta, Financial District, Nanakramguda, Hyderabad",0,4.5,402,[]
restaurant,21901890,Fursat Kitchen - Bar,"Shop G1, House 1-98/4/1, Jaihind Enclave, Jain Sadguru Images Capital Park, Circle 21, VIP Hills, Image Gardens Road, Madhapur, Hyderabad",0,4.2,"1,016",[]
restaurant,21181977,Karafa,"Plot 1182 Cable Bridge Road Jubilee Hills, Hyderabad",0,4.5,"1,523",[]
restaurant,22564271,Hoshi,"Survey 3P, Circle 20, Guttala Begumpet, Madhapur, Hyderabad",0,4.4,105,[]
restaurant,22133460,Naani's Pure Veg,"GF-001 & GF-002, FF-101, SF-201 & 210, ATRIUM MALL, Kondapur Main Road, Gachibowli, Hyderabad,500032, Gachibowli, Atrium mall , Hyderabad",0,4.3,"3,015",[]
restaurant,18385326,Dhaba - Estd 1986 Delhi,"13, Ground Floor, Western Pearl Building, Kondapur, Hyderabad",0,4.5,23.3K,[]
restaurant,21185972,Vault Brewery,"Plot 644, Road 36, Near Metro Station Madhapur, Aditya Enclave, Venkatagiri, Jubilee Hills, Hyderabad",0,4.3,"1,906",[]
restaurant,20707758,Mairu Bistro,"815/A, CBI Colony, Road 41, Jubilee Hills, Hyderabad",0,3.6,"3,197",[]
restaurant,19340750,Theth Masala,"11, Ranganath Colony, Gopanpally Thanda, Lingampally, Hyderabad",0,4.4,15.8K,[]
restaurant,21811777,Swing Lounge Sports Bar,"5th Floor, THE LOFT, Silpa Gram Craft Village, Hitech City, Hyderabad",0,4.7,615,[]
restaurant,96763,Jewel of Nizam - The Minar - The Golkonda Resort,"The Minar Golkonda Resorts, Gandipet, Hyderabad",0,4.6,"7,855",[]
restaurant,18938059,AB's - Absolute Barbecues,"fifth floor, T-02, Inorbit Mall, Software Units Layout, Madhapur, Hitech City, Hyderabad",0,4.2,"5,968",[]
restaurant,22069323,Barkaas Indo Arabic restaurant,"1-72/3/6/28A, Plot 25, 28, 4th Floor, Serlingampally Mandal, Circle 20, P Janardhan Reddy Nagar, Near Mindspace Road, Gachibowli, Hyderabad",0,4.0,"1,380",[]
restaurant,21380467,Toscano,"2 B, Shop 46, Plot 2, Ground Floor, Sattva Groups, Hitech City, Hyderabad",0,4.5,"2,682",[]
restaurant,20816857,Uppu Telugu Kitchen,"9-1-167/168, Opposite Deccan Chronicle Office, S D Road, Secunderabad",0,3.9,685,[]
restaurant,20755900,Old Trees Cafe,"Old Trees Cafe, Kandlakoya, Opposite KSR Convention, Kompally, Hyderabad",0,4.3,"1,757",[]
restaurant,22778727,Tap Street Brews,"5th Floor, PNR Empire, Hmt Sathavahana Nagar, Raji Reddy Nagar, Kukatpally, Hyderabad",0,0,120,[]
restaurant,20682991,ASIE,"The District, Myscape Road, Nanakramguda, Financial District, Hyderabad",0,4.4,"2,722",[]
restaurant,92355,Ohri's Jiva,"3rd Block, White House, Greenlands Road, Kundanbagh Colony, Begumpet, Hyderabad",0,4.4,"5,669",[]
restaurant,91727,Verandah - The Park,"22, Raj Bhavan Road, The Park, Somajiguda, Hyderabad",0,4.2,"3,632",[]
restaurant,22424058,Chowman,"House 17-1-382/R/10, Ground Floor, KNR Complex, RTC Colony, Circle 7, Santosh Nagar, Mithila, Hyderabad",0,4.4,"1,550",[]
restaurant,20976064,Ru - Craft Bar,"377, Road Number 10, Near Navayuga Engg, Venkatagiri, Jubilee Hills, Hyderabad",0,4.4,"1,058",[]
restaurant,21519192,Chili's Grill & Bar,"Survey 83/1, Plot 9, 10/A 10/B & 8B/2, Raidurg, Serlingampally, Knowledge City, Panmaqtha Village, Circle 20, Hitech City, Hyderabad",0,4.3,"1,567",[]
restaurant,22744573,Scarlett Noir,"Gate 2, 11th Floor, Equinox Tower 4, Lumbini Avenue, Gachibowli, Hyderabad",0,0,25,[]
restaurant,21380310,SALT - Indian Restaurant,"Shop 4 & 6, Survey 83/1, Plot 2, Ground Floor, Knowledge City, Part 2B, Phase 1, Raidurg, Near Serlingampally Circle 20, Hitech City, Hyderabad",0,4.5,"1,646",[]
restaurant,22592552,Betwen Us Cafe,"House 1-51/191/93, Plot 93, Circle 20, Kondapur, Hyderabad",0,4.5,160,[]
restaurant,22447218,Via NH5 Dhaba,"4th Floor, Phoenix Towers A, Hitech City, Hyderabad",0,4.0,334,[]
restaurant,21234403,YouMee,"3rd Floor, Food Court, Nexus Mall KPHB Phase 9, Kukatpally, Hyderabad",0,4.4,"4,824",[]
restaurant,22103137,Beyond Sushi,"Plot No - 2 And 3, Sy No- 18, Gachibowli, Serlingampally Circle No 20, Nanakramguda, Hyderabad",0,4.3,776,[]
restaurant,19274764,Platform 65,"3rd Floor, PNR Empire Building, Kukatpally, Hyderabad",0,3.5,11.5K,[]
restaurant,22748433,Holm Skybar,"6th Floor, PNP Towers, Nanakramguda, Financial District, Hyderabad",0,0,24,[]
restaurant,20540418,PS Cheese Cafe,"1-65/536, Kavuri Hills Road, Madhapur, Hyderabad",0,4.5,"5,151",[]
restaurant,22437979,Vasaara South Indian Kitchen,"8-2-293/82/F/73-A, Plot No 73, Shaikpet, Circle No 18, Film Nagar, Hyderabad",0,3.9,228,[]
restaurant,19938667,Smaaash | C2H5OH,"L5, Inorbit Mall Road, Mindspace, Near Durgam Cheruvu, Hitech City, Hyderabad",0,4.2,"1,182",[]
restaurant,18581678,By The Bottle,"1217/A, Road 36, Jubilee Hills, Hyderabad",0,3.9,"2,836",[]
restaurant,22650679,Casa Loco,"2nd Floor, Radisson Hitec City, Chhota Anjaiah Nagar, Miyapur Road, Gachibowli, Hyderabad",0,4.5,95,[]
restaurant,22145009,Gamyam Telugu Bar & Kitchen,"8-2-293/82/A/1067/A, Road 45, Jubilee Hills, Hyderabad",0,4.1,875,[]
restaurant,21984392,Ta.Ma.Sha Veg Cafe Gunrock,"216, P & T Colony, Circle 29, Akbar Road, Karkhana, Secunderabad",0,4.4,772,[]
restaurant,21577872,Cafe Ikigai,"Ground Floor, Prime Building, Laxmi Cyber City, Whitefields, Hyderabad",0,4.3,"1,165",[]
restaurant,19329944,The Globe Grub,"1-73/D/2 & 13, 202 & 203, 2nd Floor, Raichandani Business Park, Serilingampally, Gachibowli flyover, Hyderabad, Gachibowli, Hyderabad",0,4.0,"4,130",[]
restaurant,20307380,Ishtaa - Pure Veg,"NCC Urban Gardenia, Lumbini Avenue, Diamond Hills, Main Road, Hitech City, Hyderabad",0,4.2,"8,638",[]
restaurant,20697201,Telugu Medium Kitchen & Bar,"Plot 1062, Nandagiri Hills, Road 46, Jubilee Hills, Hyderabad",0,4.2,"6,736",[]
restaurant,20855232,Tevar-The Progressive Indian Kitchen & Bar,"Shop 3, Unit 2 Block, Gate 11, Salarpuria Sattva Argus, Hitech City, Hyderabad",0,4.3,"2,126",[]
restaurant,21243905,Manam Chocolate,"Road No 12, Kaushik Society, Ministers Colony, Anand Banjara Colony, Banjara Hills, Hyderabad",0,4.5,"1,350",[]
restaurant,21552903,Etsi Cafe BakeHouse Chocolatier,"Plot 1196/B, Road 59, Jubilee Hills, Hyderabad",0,3.8,"1,054",[]
restaurant,21156145,FOO Asian Tapas,"Level 4, Inorbit Mall Cyberabad, Apiic Software Layout, Madhapur, Hyderabad",0,4.6,"2,814",[]
restaurant,18880623,Food Exchange - Novotel Hyderabad Convention Centre,"HICC Complex, Cyberabad Post Office, Hitech City, Hyderabad",0,3.9,"1,618",[]
restaurant,20402271,Monastery,"Plot Number. 2, Knowledge City, Phase 1, Village Salarpuria, Raidurg, Hitech City, Hyderabad",0,4.4,"1,278",[]
restaurant,21702592,Pawwa Everyday Bar & Bites,"Plot 7, Circle 20, Beverly Hills, Near Jubilee Hills, Hyderabad",0,4.4,731,[]
restaurant,21402943,The Game Palacio,"Unit Ta-04 And 05, Third Floor, Inorbit Hyderabad, Survey 64(Part), Madhapur Village, Serlingampally Mandal Ranga Reddy District, Hitech City, Hyderabad",0,4.6,369,[]
restaurant,18443506,The Fisherman's Wharf,"Plot 4, 66, SY 235/Part, Vattinagulapally, Financial District, Hyderabad",0,4.5,10.8K,[]
restaurant,22743654,Tridhara,"Survey 107/P, Ground Floor, Tower 5, Near GAAR Infobahn Gate 5, Village Road, Kokapet, Hyderabad",0,0,133,[]
restaurant,20998378,ASF - Ancient Stone Flames BBQ & Grill,"5th Floor, E Galleria Mall, Avasa, Hitech City Metro Station, Madhapur, Hyderabad",0,4.3,"2,826",[]
restaurant,22612577,Mughal Darbar,"1st Floor, Apurupa PCH Towers, Road 36, Jubilee Hills, Hyderabad",0,4.3,259,[]
restaurant,20972280,Cu2 Brewhouse,"One Golden Mile, Golden Mile Road, Kokapet, Financial District, Hyderabad",0,4.3,"1,744",[]
restaurant,22622615,Cafe Napoli,"Luxor AVE, Sree Prabhupada TWP, Prabhupada Layout, Kondapur, Hyderabad",0,4.5,70,[]
restaurant,22534772,Palace Heights,"Palace heights 3rd floor, lake shore mall IDA Kukatpally, Kukatpally, Hyderabad",0,4.4,301,[]
restaurant,20710381,Kami Hyderabad Cafe & Patisserie,"Plot 185-186, Third Floor, Artham's Arcade, Raghavendra Colony, Kondapur, Hyderabad",0,4.7,"1,262",[]
restaurant,22477093,Kingdome Klub & Kitchen,"Kingdome Club Road, Financial District, Hyderabad",0,4.1,42,[]
restaurant,21785395,Cafe Niloufer,"Plot 30/C, Survey 83/1, Circle 20, Knowledge City, Raidurgam, Serlingampally, Near Hitech City, Hyderabad",0,4.6,"9,804",[]
restaurant,22567125,PUP - Paws Unleash Play,"Huda Enclave, Jubilee Hills, Hyderabad",0,4.3,108,[]
restaurant,22184464,Balondoor,"11/33, Meridian School, Madhapur Road, Madhapur, Hyderabad, Telangana, 500081, Gajularamaram Circle no 26, Hyderabad, Telangana-500081, Telangana",0,4.3,551,[]
restaurant,20059868,SKYHY Live,"4/5, 4b/5b, Sri Tirumala Platinum, Gachibowli, Hyderabad",0,4.1,"1,533",[]
restaurant,19713541,Bel Posto The Cafe,"Road 44, CBI Colony, Jubilee Hills, Hyderabad",0,4.2,"4,121",[]
restaurant,20556793,La Sabroso,"Beside Shivaji Military Hotel Madhapur, Opposite To Game Point Hitech-city, Madhapur Road, Madhapur, Hyderabad",0,4.3,"1,581",[]
restaurant,20629802,PizzaExpress,"F48A, 1St Floor, Inorbit Mall, Apiic Software Layout Opposite Durgam Cheruvu Madhapur, Hyderabad",0,4.4,"2,080",[]
restaurant,20558564,Paradise Biryani - A Legend Since 1953,"28, Flat, 201, Plot 6-52/1518, Venkata Parameshwara Residency, Pragathi Nagar, Hyderabad",0,4.2,16K,[]
restaurant,94788,Rayalaseema Ruchulu,"22, HUDA Techno Enclave, Sector 1, Near Axis Bank, Hitech City, Hyderabad",0,4.2,16.2K,[]
restaurant,21438993,Firewater Neo Bar And Kitchen,"Level 12, The District, Myscape Road, Financial District, Nanakramguda, Hyderabad",0,4.3,"1,731",[]
restaurant,18549662,Lé Vantage Cafe Bar,"Plot 197/A and 197, Road 13, Jubilee Hills, Hyderabad",0,4.4,"3,256",[]
restaurant,20703634,Katha  Specialty Coffee & Bakehouse,"House 8-2-0351, Road 3, Green Valley, Banjara Hills, Hyderabad",0,4.4,"1,217",[]
restaurant,22507613,Theta Theta Telugu,"Gayatri Hills, 8-2-293/82/A/270/A, Road 10 A, Jubilee Hills, Hyderabad",0,4.5,96,[]
restaurant,20745692,Cross Breed Club & Kitchen,"Survey 133, 1st & 2nd Floor, Jayabheri Enclave, SLN Terminus, Gachibowli, Hyderabad",0,4.2,"2,299",[]
restaurant,21931666,Illu The Restaurant,"Door No. 8-2-293/82/A/775/D, 8-2-293/82/ A/775/D/1, Road No.45, Jubilee Hills, Hyderabad, Jubilee Hills Circle No 18, Telangana",0,4.6,"1,815",[]
restaurant,20122962,Sobremesa- Bakehouse Cafe Kitchen,"8-2-293/82/A/593, Road 31, Jubilee Hills, Hyderabad",0,4.4,"2,333",[]
restaurant,20388020,Roast 24 Seven,"Plot 25, 42, 44, Survey 18 & 19, Near Vyshnavi Cynosure, Telecom Nagar, Gachibowli, Hyderabad",0,4.4,"4,913",[]
restaurant,22190049,SALT - Indian Restaurant,"1-18/Sy-142/VSDTP/GF-1 Ground Floor, Vamsiram Suvarnadurga Tech Park, Nanakramguda Road, Madhava Reddy Colony, Nanakramguda, Hyderabad",0,4.1,614,[]
restaurant,90896,Bawarchi,"Door 66, Axamabad, RTC X roads, Hyderabad",0,4.2,646.6K,[]
restaurant,20141772,Chinese Wok,"Ground Floor, Survey 1093 Situated at below Metro Station, Kukatpally Village, Kukatpally, Hyderabad",0,3.9,"3,633",[]
restaurant,20524778,Pause,"Plot 2 and 3, Second Floor, SBR Surya Pearl Building, Near IKEA, Phase 2, Rai Durg, Hitech City, Hyderabad",0,3.6,"2,242",[]
restaurant,20857068,Chirp,"3rd Floor, SLN Terminus Indira Nagar, Gachibowli, Hyderabad",0,4.2,"2,865",[]
restaurant,22689187,Dandy & Dandy,"5th Floor, The Loft, Nexity, Hitech City, Hyderabad",0,4.3,63,[]
restaurant,22493836,Si Nonna's - The Original Sourdough Pizza,"House 1 55/191/94/95, Survey 191, Plot 94, Ground Floor, Valentia Plaza, Circle 20, Camelot Layout, Kondapur, Hyderabad",0,4.3,752,[]
restaurant,21962699,Butterfly High,"8 & 9, A Wing, Tower 2, Sattva Knowledge Park, Pan Maktha Village, Raidurg, Hitech City, Hyderabad",0,4.2,259,[]
restaurant,18362361,Van Lavino,"Shop 4, Road 36, Jubilee Hills, Hyderabad",0,4.5,"5,395",[]
restaurant,21984131,Café Reed by QUORUM,"5th and 6th Floor, Plot 2, Elixir Parcel 4, Survey 83/1, Sattva Knowledge City, Serilingampally Mandal, Hitech City, Hyderabad",0,4.9,234,[]
restaurant,22039170,Sky 100 Kitchen & Bar,"Plot 323, 7th Floor, Survey 11, Excello Building, 100 Feet Road, SBH Officers Colony, Mega Hills, Madhapur, Hyderabad",0,3.9,352,[]
restaurant,22538115,Windmills Craftworks,"Knowledge City, Silpa Gram Craft Village, Commerzone Road, Hitech City, Hyderabad",0,4.5,177,[]
restaurant,21751833,Quake,"CMC Enclave, Main Road, Kondapur, Hyderabad",0,4.0,379,[]
restaurant,19327828,The Bougainvillea & Zuci,"31, Plot 695, Aditya Enclave, Venkatagiri, Jubilee Hills, Hyderabad",0,4.5,"1,705",[]
restaurant,90857,The Waterfront Bar & Grill,"Eat Street, Necklace Road, PV Narasimha Rao Marg, Hussain Sagar, Khairtabad, Hyderabad",0,4.0,"1,518",[]
restaurant,20483144,One Lounge Bar & Kitchen,"20 & 21, Sagar Ring Road, Saroor Nagar, Hyderabad",0,4.4,"1,060",[]
restaurant,22185341,Amritsari Aangan,"5th Floor, Sahiti Sudha Square, Circle 20, Hanuman Nagar, Kondapur, Hyderabad",0,4.3,"2,315",[]
restaurant,21691069,Hanok - Seoulful Food,"Plot 416, Road 78, Film Nagar, Hyderabad",0,4.2,487,[]
restaurant,21789850,Chives,"2nd floor, 3-6-12/3-6-13, AL-samad buidling 3-6-12/3-6-13, himayath nagar Main road., Telangana, Himayath Nagar, Hyderabad",0,4.2,426,[]
restaurant,21677562,Alley 91 Bowling Bar,"3rd Floor, PNP Towers, Myscape Rd, Financial District, Hyderabad",0,4.5,247,[]
restaurant,18712126,Golconda Pavilion - ITC Kohenur,"Plot 5, Survey 83/1, Knowledge City, ITC Kohenur, Hitech City, Hyderabad",0,4.2,"1,242",[]
restaurant,20645674,Ta.Ma.Sha - Restro Cafe,"Supreme Enclave, Sri Rama Colony, Main Road, Jubilee Hills, Hyderabad",0,4.2,"3,092",[]
restaurant,18340498,Cayenne - Mercure Hyderabad KCP,"6-3-551, Banjara Hills Main Road, Khairatabad, Hyderabad",0,3.9,535,[]
restaurant,19630684,Cock & Bull,"Unit 11 & 12, Plot 22/23 & 31 to 33, Upper Ground Floor, Sky View Towers, Raidurgam, Circle 11, Madhapur, Hyderabad",0,4.0,"1,548",[]
restaurant,21055784,Koi & Co. Bar And Kitchen,"5th Avenue, Sai Baba Officers Colony, Sainikpuri, Secunderabad",0,4.4,"3,389",[]
restaurant,20781136,Cream Centre,"Shop CD/4, Ground Floor, Salarpuria Satva, Hitech City, Hyderabad",0,4.6,"1,363",[]
restaurant,21963496,Special 9,"Ground Floor, Right Side, Paradigm Sss Square, Laxmi Cyber City, Whitefields, Hyderabad",0,4.3,"3,439",[]
restaurant,21055907,Prezmo,"Shop 101, Ground Floor, Raichandani Square, Golden Mile Road, Gandipet, Hyderabad",0,4.5,"1,826",[]
restaurant,18758520,Prism Club & Kitchen,"Door 4-62, Survey 235, Vattingulapally, Financial District, Hyderabad",0,3.9,"1,399",[]
restaurant,92562,Little Italy,"64, 1st Floor, Ohris Cyber Grub, HUDA Techno Enclave, Mindspace Road, Hitech City, Hyderabad",0,4.3,"7,381",[]
restaurant,19604348,Palamuru Grill,"2nd Floor, 11-13-196, 7/D, Satyam Shivam, Green Hills Colony, Saroornagar Village, Kothapet, Hyderabad",0,4.2,"9,502",[]
restaurant,21212538,Malibu - Cocktail Bar & Kitchen,"Survey 89/2 and 90, Gundlapochampally, Medchal Road, Kompally, Hyderabad",0,4.4,"2,390",[]
restaurant,22241263,4 Note - Hyatt Hyderabad,"Near Financial District, Road 2, Nanakramguda, Hyderabad",0,4.1,296,[]
restaurant,21450634,Mexarosa,"H 9-29-G2, SY 319, Unit 001 & 101 Ground Floor & 1st Floor, Puppalaguda Gandipet, Financial District, Hyderabad",0,4.1,239,[]
restaurant,22342738,RITHM Cafe,"8-2-293, 83F, Plot 87, Type A, Road Number 9, Film Nagar, Hyderabad",0,3.3,323,[]
restaurant,22707770,Asian Barbeque Holic,"3rd Floor, Sahiti Sudha Square, Hanuman Nagar, Shipla Hills, Kondapur, Kothaguda, Hyderabad",0,4.1,43,[]
restaurant,22229504,Meld Haus,"Plot 172 & 173, Uppal Mandal, Uppal Bhagat, Circle 2, Nagole, Hyderabad",0,4.0,722,[]
restaurant,20565372,Terrace - Mercure Hyderabad KCP,"12th Floor, Irram Manzil Colony, Punjagutta, Khairatabad, Hyderabad",0,4.2,491,[]
restaurant,21850247,Verde,"level 5 inorbit mall road, near pvr cinema Hitech City, Hyderabad",0,4.5,352,[]
restaurant,22390540,Charminar Biryani Rooftop,"Plot 404, Linisha Arcade, Rajarajeshwara Nagar, Kondapur, Hyderabad",0,4.5,668,[]
restaurant,96595,TGI Fridays,"4th Floor, Nexus Mall, Phase 6, KPHB, Kukatpally, Hyderabad",0,4.0,"5,291",[]
restaurant,22679122,Naad,"Ground & 1st Floor, R Quad, Near NCC Building, Durgam Cheruvu Road, Hitech City, Hyderabad",0,4.4,95,[]
restaurant,21968322,Midori Cafe And Restaurant,"House 3-6-240, 5th Floor, Hari Om Arjuna Tower, Himayath Nagar, Hyderabad",0,3.8,264,[]
restaurant,19963263,Cafe Amlin,"8-2-686/6/D/9/1, Anand Banjara Colony, Road 12, Banjara Hills, Hyderabad",0,0,0,[]
restaurant,21108594,Sorrel,"G/6B, Ground Floor, Jai Hind Enclave, Serlingampally Circle 20, Madhapur, Hyderabad",0,4.4,"2,013",[]
restaurant,18527848,Zega - Sheraton Hyderabad Hotel,"115/1, 10th Floor, Nanakramguda, ISB Road, Financial District, Hyderabad",0,4.5,"1,577",[]
restaurant,92616,Tre-Forni Restaurant And Bar - Park Hyatt,"Road No. 2, Sri Nagar Colony, Kamalapuri Colony, Banjara Hills, Hyderabad",0,4.8,"1,036",[]
restaurant,21091090,Post Card - Global Tapas Bar,"83/1, Circle 20, Dallas Centre, Panmaktha, Serilingampally, Hitech City, Hyderabad",0,4.2,"1,595",[]
restaurant,21564326,Stellar Reserve,"Unit 4, Sy 102/1, Plot 1355-h & 1355-i, Ground Floor & Mezzanine Floor, Niharika Jubilee One, Shaikpet, Jubilee Hills, Hyderabad",0,4.6,"1,553",[]
restaurant,22573156,Ca Phe Bistro,"4, Serlingampally, Circle 20, Sri Lakshmi Road, Nanakramguda, Hyderabad",0,4.4,84,[]
restaurant,21711588,Hiro Pan Asian Bar And Kitchen,"775/A, CBI Colony, Road 45, Jubilee Hills, Hyderabad",0,4.4,993,[]
restaurant,20876424,Itlu,"Masthan Nagar, CBI Colony, Cable Bridge Road, Jubilee Hills Hyderabad",0,4.3,"3,234",[]
restaurant,19038503,Sri Balaji Prithviraj Family Dhaba,"3-4-760/5, Barkatpura, Near Barkatpura Signal, Narayanguda, Hyderabad",0,4.2,10.3K,[]
restaurant,21097177,Amro Cafe,"Times Square, Gachibowli Road, Vinayak Nagar, Indira Nagar, Hyderabad, Gachibowli, Hyderabad",0,4.3,"2,855",[]
restaurant,91752,Aish - The Park,"22, Raj Bhavan Road, The Park, Somajiguda, Hyderabad",0,4.5,989,[]
restaurant,92606,The Dining Room - Park Hyatt,"Park Hyatt, Hyderabad Road 2, Banjara Hills, Hyderabad",0,4.0,"1,544",[]
restaurant,21504022,Nowl Club & Kitchen,"5th Floor, Road 36, near Ajfan Dry Fruits, Jubilee Hills, Hyderabad",0,3.9,262,[]
restaurant,21468425,Tu.Go. | Turpu Godavari,"Plot 281, House 8-2 V-1, Road 10c Jubilee hills hyderabad, 500033, Jubilee Hills Telangana, Jubilee Hills, Hyderabad",0,4.5,924,[]
restaurant,22382411,Concu,"1-55/191/94 & 95, Unit 2, Ground Floor, Circle 20, Camelot Layout, Kondapur, Hyderabad",0,4.4,323,[]
restaurant,20769569,Lillies - The Boho Cafe,"Plot 51 & 52, B N Reddy Colony, Chhatwal Homes, Nandi Hills, Raidurg, Serlingampally Circle 20, Jubilee Hills, Hyderabad",0,3.7,260,[]
restaurant,20644895,Mirosa Cafe & Kitchen,"3-6-236/2, 3-6-236/2/A, Road 15, AP State Housing Board, Himayath Nagar, Hyderabad",0,4.4,"2,781",[]
restaurant,19590495,WOW! China,"Shop-9, 3rd Floor, GVK One Mall, Banjara Hills, Hyderabad",0,3.9,"3,293",[]
restaurant,91678,Melange - The Golkonda Hotel,"10-1-124, The Golkonda Hotel, Masab Tank, Hyderabad",0,3.6,279,[]
restaurant,22163739,Kenny's Neighbourhood Bar,"The District, Myscape Road, Financial District, Hyderabad",0,4.5,412,[]
restaurant,21438115,Antervedi Telugu Kitchen and Bar,"5th Floor, Sarath City Capital Mall, Kondapur, Whitefields, Hyderabad",0,4.1,"1,346",[]
restaurant,21250316,Peanuts Bar,"1, 83, 10, Upper Ground Floor, Rai Durg, Knowledge City Road, The Skyview, Hitech City, Hyderabad",0,4.2,"1,099",[]
restaurant,21137021,Kadali Kitchen,"8-2-293/82/JIII/563, Road No. 92, MLA Colony, Jubilee Hills, Hyderabad",0,4.3,"1,075",[]
restaurant,20809030,Hut's & Hive Bar & Kitchen,"Survey 97/A & 171/E, Gundla Pochampally Village, Laxmi Nagar Colony, Kompally, Hyderabad",0,4.3,"3,582",[]
restaurant,22693648,Daaru Next Door,"Survey 71 And 77, Plot 111-B, 500-B And 112-B, Circle 20, Serilingampally, Kondapur, Hyderabad",0,4.3,134,[]
restaurant,20926961,LastHouse: By The Lake,"Near Durgam Cheruvu Road, Amar Co Operative Society, Doctor's Colony, Madhapur, Jubilee Hills, Hyderabad",0,3.9,359,[]
restaurant,18252169,Norfest - The Dhaba,"Second Floor, SLN Terminus Mall, Near Botanical Gardens, Jayabheri Enclave, Miyapur Road, Gachibowli, Hyderabad",0,4.3,23K,[]
restaurant,18557462,Ohri's Eatmor,"Door 8 Ground Floor, 2 682/3, Road 12, Fortune Enclave, Sri Ram Nagar Colony, Banjara Hills, Hyderabad",0,4.2,"6,467",[]
restaurant,21018445,Globe Buffetio,"40/41, 1st Floor, Tower C, Road 2, Financial District, Hyderabad",0,4.2,"1,689",[]
restaurant,18965970,ZING - Sky Bar + Lounge,"Hyatt Place, Road 1, Banjara Hills, Hyderabad",0,4.2,700,[]
restaurant,21441065,Jaaju Kitchen & Bar,"Survey 10, 1st Floor, Block-1, Satyanarayana Enclave, Madinaguda, Miyapur, Hyderabad",0,4.2,"4,613",[]
restaurant,91808,Seasonal Tastes - The Westin,"The Westin Mindspace, Survey 64, Building 15, K.Raheja IT Park, APIIC Software Layout, Hitech City, Hyderabad",0,4.3,"2,363",[]
restaurant,21795150,Brewbite Bistro,"Plot .209, Guttala_Begumpet, Madhapur, Hyderabad",0,4.3,"1,595",[]
restaurant,21252073,Native Katha,"Plot 94, Sri Swamy Ayyappa Cooperative Housing Society, Circle 20, Madhapur, Hyderabad",0,4.0,"1,647",[]
restaurant,21644224,The Spice Garden,"47/2/A/1, Door 1, Survey 111, Opposite PI Cancer Hospital, Chhota Anjaiah Nagar, DLF Road, Gachibowli, Hyderabad",0,4.2,874,[]
restaurant,18952144,The Joint Bar & Cafe,"8, Banjara Hills, Hyderabad.",0,4.0,990,[]
restaurant,20987701,Ko Ko Kai - Asian Kitchen And Cocktails,"House 11-5/1/431, Survey 156, 4th Floor & 5th Floor, Block K-3, Narsingi Village, Gandipet, Hyderabad",0,4.5,"1,992",[]
restaurant,21577575,Mythus Brewpub & Kitchen ,"4th & Terrace, Pearl Cardinal Building, Near EIPL Office, Gandipet, Hyderabad",0,4.5,"2,011",[]
restaurant,22460645,Kissa Coffee house,"House 347, Road 22, Jubilee Hills, Hyderabad",0,3.8,153,[]
restaurant,21054057,Cravery Cafe,"Unit L1-04, Frist Floor, Plot 43, Survey 322, Puppalaguda, Gandipet, Financial District, Hyderabad",0,4.3,"2,157",[]
restaurant,21907421,Artisan Kitchen & Bar,"4/7, 1/2, Opposite Sai Baba Temple, BK Enclave, Bollaram Road, Krishnaja Hills, Miyapur, Hyderabad",0,4.1,"1,341",[]
restaurant,20357203,O'Rica - Tropical Kitchen,"1-5-1115/646, Panchsheel Enclave, Lane 24, Medchal Road, Hyderabad",0,4.4,"2,328",[]
restaurant,20961923,Raasta,"Parcel 4, Octave 3, Shop 214 Gf, Sattva Knowledge City, Sy 83/1, Raidurg, Panmaktha, Serlingampally Circle 20, Hitech City, Hyderabad",0,3.3,586,[]
restaurant,21888695,Veto Bar & Kitchen,"2/38 & 2/39, Serilingampally Circle 20, Kondapur, Hyderabad",0,4.2,415,[]
restaurant,21162223,SKYHY Super Club,"5th Floor, Sri Tirumala Platinum, Janardana Hills, Lumbini Avenue, Gachibowli, Hyderabad",0,3.8,79,[]
restaurant,22229389,Nommè kitchen & Coffee theatre,"Plot 89, 90, Road 2, Park View Enclave, Banjara Hills, Hyderabad",0,4.5,571,[]
restaurant,22736763,Belloso Cafe,"Venkat Enclave, Ashok Nagar, Kondapur, Hyderabad",0,0,40,[]
restaurant,22098691,Tiger Lily-Coffee & Bistro,"House 9-29/G2, Unit 01/101, Survey 319, Ground Floor/1St Floor, Puppalaguda, Financial District, Hyderabad",0,4.3,832,[]
restaurant,19743291,Krishnas Kitchen,"Door 1-62/2/140, Kavuri Hills, Guttala Begumpet, Madhapur, Hyderabad",0,4.5,"2,366",[]
restaurant,22419504,Kadamba,"3rd Floor, R Quad, Near Ncc Building, Doctor's Colony, Hitech City, Hyderabad",0,4.5,95,[]
restaurant,19499124,WOW! Momo,"Plot 38/39P/40/41/42, Unit 15, Ground Floor, Sarath City Mall, Kothaguda, Hyderabad",0,4.0,"5,401",[]
restaurant,22597019,Flavours Of Andhra,"Upper Ground Floor, Opposite Jayabheri Silicon County, Whitefields, Hyderabad",0,4.0,215,[]
restaurant,19020955,Gabru Di Chaap,"1-66, Flat 202, Abhinandana Pride Apartment, Veterinary Colony, Serlingampally Circle 20, Sarath City Capital Mall, Kothaguda, Hyderabad",0,4.1,"5,592",[]
restaurant,21928681,Knox Club & Kitchen,"5th Floor, Mallik Solitaire, Road 36, Jubilee Hills, Hyderabad",0,4.3,270,[]
restaurant,19161091,Ironhill Cafe,"Plot 11 2, Sector 1, Near Pride Honda, Huda Techno Enclave, Madhapur, Telangana 500081, Madhapur, Hyderabad",0,4.3,"5,339",[]
restaurant,20496432,Nove - The Italian Kitchen,"1/3/2001 Crafts, Council Of Telangana, Road 12, NBT Nagar Banjara Hills Hyderabad",0,4.6,"1,786",[]
restaurant,21682829,Whistling Brew,"04-045, Sy 42, Pet Basheerabad, Next To Hero Two Wheeler Showroom, Hyderabad, Quthbullapur Circle 25, Kompally, Hyderabad",0,4.4,"1,619",[]
restaurant,20321706,Minyu - The Asian Affair,"Flat 101, Plot 576, Metropole Apartments, Cyber Hills Colony, VIP Hills, Jaihind Enclave, Image Garden Road, Madhapur, Hyderabad",0,4.2,11.5K,[]
restaurant,21314190,Beyond Flavours,"2-1/6/FSF-2 And 2-1/6A, Survey 59, 1st Floor, Fantasy Square Building, 133, Old Mumbai Highway, opposite Nissan Showroom, Jayabheri Pine Valley, Plots 1&2, Gachibowli, Hyderabad",0,4.1,"3,790",[]
restaurant,18900073,Malnadu Kitchen,"1st Floor, Ruby Block, Kompally Road, Near Srikara Hospital, Kompally, Hyderabad",0,4.2,20.6K,[]
restaurant,22790627,Baan PhadThai,"Ground Floor, Octave Unit 3, Sattva Knowledge City, Silpa Gram Craft Village, Hitech City, Hyderabad",0,0,15,[]
restaurant,21877945,Lazeez Affaire,"8-2-293/82/A/1028, Circle 18, Road 45, Jubilee Hills, Hyderabad",0,4.3,550,[]
restaurant,19979098,Raise The Bar,"House 2-65-3ark, Ark Rochish Building, Khajaguda, Gandipet, Rangareddy, Manikonda, Hyderabad",0,4.3,"7,688",[]
restaurant,91720,Ohri's Gufaa,"5-9-30/16-20, Opposite Old Gandhi Medical College, New MLA Quarters, Basheer Bagh, Hyderabad",0,4.3,"5,547",[]
restaurant,21261267,TG's - The Oriental Grill,"Road 2, Financial District, Nanakramguda, Gachibowli, Hyderabad",0,4.9,269,[]
restaurant,21843993,The Funnel Hill Creamery,"Plot 1, Brundavan Colony, Ruby Block, Pochamma Gadda, Bolarum, Fairmount Square, Kompally, Hyderabad",0,4.3,"1,161",[]
restaurant,20567554,Mirame Cafe & Kitchen,"Chikkadpalli Road, Above Union Bank, Chikkadpally, Vivek Nagar, Himayatnagar, Hyderabad",0,4.3,"1,305",[]
restaurant,21152626,GRANO Coffee Affairs,"D.8-2-293/82/A/ 1263/A, Road 63A & 64, Circle 18, Jubilee Hills, Hyderabad",0,4.4,"1,069",[]
restaurant,21499898,Bourbon & Breeze Rooftop Bar & Kitchen ,"8-2, 293/174, 3rd Floor, Road 14, BN Reddy Colony, Banjara Hills, Hyderabad",0,4.1,"1,795",[]
restaurant,18418727,McDonald's,"3rd Floor, Nexus Mall, Phase 6, Kukatpally, Hyderabad",0,3.7,150,[]
restaurant,20756285,Sattvam,"Door 8-2-120/86/9/A/1, 2, 12 & 13, 2nd Floor, Road 2, Banjara Hills, Hyderabad",0,4.5,978,[]
restaurant,22622742,Shiv Sagar Veg Restaurant,"Ground Floor, White Rock Building, Kavuri Hills, Madhapur, Jubilee Hills, Hyderabad",0,4.0,157,[]
restaurant,18725609,Carpe Diem,"724/A, Gate 1, Plot 15, Metro Steet, CBI Colony, Road 37, Jubilee Hills, Hyderabad",0,4.0,"1,140",[]
restaurant,97396,Feast- Sheraton Hyderabad Hotel,"115/1, Nanakramguda, ISB Road, Financial District, Hyderabad",0,4.1,"2,453",[]
restaurant,18735879,Rika - Park Hyatt,"Park Hyatt, Road 2, Lumbini Jewel Mall, Banjara Hills, Hyderabad",0,4.5,889,[]
restaurant,22280782,Panchayat Bar & Restaurant,"Vayupuri, Near Vishal Mart, Sainikpuri, Secunderabad",0,4.4,522,[]
restaurant,22627221,Niloufer Chath,"C-401/406, House 8-2-685/P/2/5 FP, 4th/Terrace Floor, Circle 17, Road 12, Banjara Hills, Hyderabad",0,4.4,128,[]
restaurant,18903510,China Express,"House 1-8-32/43/A, PG Road, Secunderabad",0,3.7,"1,194",[]
restaurant,21942368,Lemonridge Hotels,"Plot 27, Circle 25, Surya Nagar, Chintal, Quthbullapur, Jeedimetla, Hyderabad",0,4.3,827,[]
restaurant,19050139,Burger King,"4th Floor, Sarath City Capital Mall, White Field Road, Kondapur, Hyderabad",0,3.8,24.8K,[]
restaurant,21137046,Aroma Of Dakshin,"Khajaguda - Nanakramguda Road, Above CROMA, Chaitanya Enclave, Nanakramguda, Hyderabad",0,4.1,790,[]
restaurant,21751334,Vasaara,"8-2-413/B Road No 4, Hyderabad, Telangana-500034, Jubilee Hills, Circle No 18, Hyderabad",0,4.4,613,[]
restaurant,95972,Cascade - Radisson Hyderabad Hitec City,"Radisson Hyderabad Hitec City, Chhota Anjaiah Nagar, Gachibowli, Hyderabad",0,4.1,"1,641",[]
restaurant,20419626,Tosh E Daan,"1-61/SO/202, 1st Floor, Oak Plaza, Khajaguda - Nanakramguda Road, Gachibowli, Hyderabad",0,4.4,"4,164",[]
restaurant,91531,The Spicy Venue,"Door 8-2-293/82/A/265-S, Road 10, Jubilee Hills, Hyderabad",0,4.2,21.1K,[]
restaurant,22584788,Dusk - Dine by the skyline,"4th Floor, Mandalay Lane, Paradise, 1, 7, 54/A Sappu Bagh Apaprtment, Jogani, Ramgopalpet, Paradise Circle, Secunderabad",0,4.0,79,[]
restaurant,19137785,Masala Republic By Dadu's,"3-6-14/3-5, Himayat Nagar Road, Chandra Nagar Basheer Bagh Hyderabad, Basheer Bagh, Hyderabad",0,4.4,"2,920",[]
restaurant,21818347,Ahwana Kitchen,"P NO 89, Swamy Ayappa Co-operative Housing, Khanamet, Mega Hills, Madhapur, Hyderabad",0,4.2,"1,831",[]
restaurant,21039297,Zindagi Sky Bar & Kitchen,"775/A, Near Magnolia Bakery, CBI Colony, Jubilee Hills, Hyderabad",0,4.3,"1,442",[]
restaurant,22083456,Ratio Specialty Coffee From India And Beyond,"Plot no. 1113, road no.54, jubilee hills, Telangana, Jubilee Hills, Hyderabad",0,4.4,207,[]
restaurant,21644733,Cream Centre,"Plot 6, Sindhi Colony, Minister Road, Near S P Road, Secunderabad",0,4.6,830,[]
restaurant,93583,Amara - Trident Hyderabad,"Survey 64, Main Road, Madhapur, Hitech City, Hyderabad",0,4.4,"1,020",[]
restaurant,19218007,Haiku,"Ramky Grandoise, P. Janardhan Reddy Nagar, Gachibowli, Opposite Rolling Hills, Near RAMKY Towers, Hyderabad, Gachibowli, Hyderabad",0,4.6,"6,487",[]
restaurant,21510676,KGF-Krishna Godavari Flavours,"Survey 225, Plot 7 To 18, Circle 21, Widia Colony Road, Above Vijeta Super Market, Alwin X roads, Miyapur, Hyderabad",0,4.0,"2,814",[]
restaurant,20191743,California Burrito,"Kiosk 7, 3rd Floor, Necklace Pride Mall, Boiguda, Secunderabad",0,4.4,10.7K,[]
restaurant,18657712,Insomnia,"3rd & 4th Floor, Jaya Chambers, Cbi Colony, Road 36, Jubilee Hills, Hyderabad",0,4.1,"3,973",[]
restaurant,20597399,Yummy Bee,"Plot 371, 18, Road 24, Circle, Jubilee Hills, Hyderabad",0,4.4,"3,956",[]
restaurant,18505236,The Hoppery,"Road 46, Inside Durgam Cheruvu, Jubilee Hills, Hyderabad",0,4.1,"2,127",[]
restaurant,22654003,Hola - Tap Room,"Survey 136, 6th Floor, Kondapur Main Road, Gachibowli, Hyderabad",0,4.2,139,[]
restaurant,22567228,Soo,"1236/A, Road Number 66, Jubilee Hills, Hyderabad",0,3.6,24,[]
restaurant,22188709,Asaa,"Survey 319 & 320, Ground Floor, Myscape Stories, Stories Road, Financial District, Hyderabad",0,4.4,304,[]
restaurant,22564637,Rumor Sky Lounge,"5th Floor, Sreshta Marvel, Q Mart, Gachibowli, Whitefields, Hyderabad",0,4.3,190,[]
restaurant,21355302,Makobrew Cafe & Restaurant,"Avanti Nagar, Near Himayath Nagar, Hyderabad",0,4.1,667,[]
restaurant,19829827,Amaravathi Family Restaurant,"Plot 11, Chintalkunta Road, Sriram Nagar, Dharmapuri, L. B. Nagar, Hyderabad",0,4.1,"9,363",[]
restaurant,21195466,Syla Kitchen,"995P+JXC Vanitha Arcade, Abhyudaya Nagar, Sun City, Attapur, Hyderabad",0,4.2,554,[]
restaurant,18792957,Once Upon A Time - Hotel GreenPark,"Door 7-1-26, Green Lands Area, Begumpet, Hyderabad",0,4.3,725,[]
restaurant,20296421,Coalspark Restaurant,"1-60/30/34/136, Khan SD Building, Anjaiah Nagar, Serlingampally, Gachibowli, Hyderabad",0,4.3,"6,395",[]
restaurant,22795581,Murugan Kitchen,"Door 1-74/DH/272, 272, Survey 52, Plot 25, Lumbini Avenue, Gachibowli, Hyderabad",0,0,83,[]
restaurant,20967084,Coffee Cup,"First floor, L And T Infotech, Premia Mall, Unit L3-06, Irram Manzil Colony, Panjagutta, Hyderabad",0,4.0,736,[]
restaurant,19558643,Mumbai Masalaa,"3-4-558/B, First Floor, Narayanguda, Hyderabad",0,4.0,"1,449",[]
restaurant,21343602,Jamming Goat 3.0,"431, 5th Floor, Terminal Building, Block K3, Kokapet, Hyderabad",0,4.3,"1,120",[]
restaurant,18234136,Hotel Tulips Grand,"Survey 36 & 39, Plot 9-84/4, 52, 54, 55, 56, Part 29, VSR Central, Medipally, Hyderabad",0,4.3,164.9K,[]
restaurant,19825119,The Batter House,"12-13-853/42/A, Hideout Eatery & Gaming, Hanuman Nagar, Tarnaka, Hyderabad",0,3.9,462,[]
restaurant,21401210,Kinara Grand,"8-3-949/4 & 5, Madhu's House, Circle 17, Main Road, Ameerpet, Hyderabad",0,4.4,"1,744",[]
restaurant,21346144,Apik Cafe,"11-13-426, Circle 5, Ramakrishna Puram, Road 14, Saroor Nagar, Hyderabad",0,4.2,580,[]
restaurant,20720441,Hodd'S Cocktail Bar - Hyatt,"Road 2, Financial District, Financial District, Hyderabad",0,4.8,153,[]
restaurant,21156134,Vani Fast Food & Ice Creams,"1-2-40 & 12-2-41, Shop G4, Shiva Shakthi Homes, Moosapet, Hyderabad",0,4.1,"1,555",[]
restaurant,21503991,The Rabbit Hole Lounge Bar And Kitchen,"SHOP NO-416, Fifth Floor, Kokapet, Gandipet Main Road, Narsingi, Hyderabad",0,3.7,475,[]
restaurant,20934995,Simply South,"83/1, Plot 2, Phase 1, Salarpuria Sattva Knowledge City, Hitech City, Hyderabad",0,4.3,"1,598",[]
restaurant,93959,Chaitanya Food Court,"MIG 25-26, Kukatpally Housing Board Colony, Circle P, 5th Phase, Hitech City Road, Near Malaysian Townshi, Kukatpally, Hyderabad",0,4.3,190.5K,[]
restaurant,22396784,Coffee Sangam,"Gayatri Hills, Gayatri Halls, 8-2-293/82/A/270/A, Road 10 A, Jubilee Hills, Hyderabad",0,3.8,58,[]
restaurant,20772166,The Punjabis Swag,"19, 4 Floor, Miyapur Road, Near Croma, Kondapur, Hyderabad",0,4.5,"5,931",[]
restaurant,20961945,Kavyam The Telugu Table,"Plot 1274, Road 64, Tree inn, Jubilee Hills Check Post Road, Adjacent Lane To Mahindra Show Room, Jubilee Hills, Hyderabad",0,4.3,"1,664",[]
restaurant,22547853,Naughty Kodi Bar & Kitchen,"Dno.1-61/mrc/sy.4/1f, First, Second, Third, Fourth Floors, Sy No.4, Khajaguda Serilingampally, Serlingampally Circle No 20, Nanakramguda, Hyderabad",0,4.1,146,[]
restaurant,19157056,F3 Cafē & Bistro,"37-18/10/1, Defence Colony, Sainikpuri, Secunderabad",0,4.5,"1,022",[]
restaurant,22735832,Theysee,"2, 293, 82 A, Plot 8, Road 13, Jubilee Hills, Hyderabad",0,0,46,[]
restaurant,22669440,Hotel Indu Deluxe,"8-2, Ground Floor, BNR Colony, Road 14, Opposite Banjara Hills, Hyderabad",0,0,23,[]
restaurant,21363252,Mandi Delight,"House 2-2-7/1/1, Flat 201, 2nd Floor, Sri Ranga Golden Towers, DD Colony, Shivam Road, Amberpet, Hyderabad",0,4.2,298,[]
restaurant,19963512,Lifafa Cafe & Bistro,"588/1 2 1/2, H Square, Ground Floor, Survey Saraswathi Colony, Inner Ring Road, Uppal, Secunderabad",0,4.2,"2,201",[]
restaurant,22182695,Itlu - A Veg Diner,"Financial District, Nanakramguda, Hyderabad",0,4.3,532,[]
restaurant,22490558,OneTen,"Plot 361, F8C4+R2J, Serlingampally, Circle 20, Nallagandla, Hyderabad",0,4.5,88,[]
restaurant,92586,Saffron Soul - Marigold Hotel,"Green Lands, Begumpet, Hyderabad",0,4.3,"1,136",[]
restaurant,21003676,Lush Cafe By The Lake,"Plot 138 And 139, Doctors Colony, G. Begumpet, Kavuri Hills, Jubilee Hills, Hyderabad",0,3.7,"1,162",[]
restaurant,22309429,Amyra Cafe & Kitchen,"2nd Floor, Shiva Shakti Towers, Road 12, Amudi Nagar, Bhola Nagar, Banjara Hills, Hyderabad",0,4.0,156,[]
restaurant,92112,Altitude - Hyderabad Marriott Hotel & Convention Centre,"Hyderabad Marriott Hotel & Convention Centre, Tank Bund Road, Opposite Hussain Sagar Lake, Necklace Road, Hyderabad",0,4.5,"1,038",[]
restaurant,22349316,C.O Rajahmundry Kitchen and Bar,"H NO 2-62/1/NR(NORTH)&2-62/A/NR, SY NO 86, 5TH FLOOR, PULI KR SQUARE, GF7H M7, SANTA SRIRAM ESTATES, JEEDIMETLA, Qutubullapur (Except GHMC Area), Medchal-Malkajgiri, Telangana-500055 Telangana, Kompally, Hyderabad",0,4.1,811,[]
restaurant,22438939,KGF-Krishna Godavari Flavours,"Plot 8/B, Circle 20, 100 Feet Line, Huda Layout, Nallagandla, Hyderabad",0,4.1,711,[]
restaurant,20832345,Animal Club and Kitchen,"Level 1, SLN Terminus, Gachibowli, Hyderabad",0,4.2,"1,822",[]
restaurant,19419988,Cravery,"Plot. 416A, Film Nagar, Phase III, Road 78, Jubilee Hills, Hyderabad",0,4.5,"3,391",[]
restaurant,22401282,Rajdhani,"5-5-36/1/A, Lakeshore Mall, Unit L4-17 & 17A, 4th Level ( 5th Floor ), Kukatpally Circle No 24 Moosapet, Hyderabad",0,4.1,499,[]
restaurant,18720527,24/7 Gallery Café - Hyatt Place,"8-2-461 - 464 & 501, Road 4, Hyatt Place, Banjara Hills, Hyderabad",0,4.0,407,[]
restaurant,20397515,Barbeque Spice,"Ground Floor, La Stella Building, Gun Foundry, Opposite State Bank Of India, Abids, Hyderabad",0,3.8,"2,572",[]
restaurant,20900720,The White Cashew,"Plot 1-1-5-244, 3rd Floor, Aruna Arcade, 6th Avenue Road, Sainikpuri, Secunderabad",0,4.5,712,[]
restaurant,22608474,Nord Speciality Coffee,"Venkateshwara Nagar, Kondapur, Serilingampally, Hafeezpet, Hyderabad",0,4.5,29,[]
restaurant,20827335,Starbucks Coffee,"Door 6-158, Ground Floor, Gandipet Main Road, Near Legend Chimes, Gandipet, Hyderabad",0,4.3,663,[]
restaurant,22582277,Girlfriend Mandi,"High Tech, H 1, 98/16/8, Hitech City, Main Road, Sri Sai Nagar, Madhapur, Hyderabad",0,4.1,242,[]
restaurant,19859217,Pallevindu,"Plot 25, Survey 103/2 & 103/3, Jayabheri Enclave Phase-2, Gachibowli, Hyderabad",0,4.1,"3,257",[]
restaurant,21507766,Mad Over Grills -Vibrant,"Pakala Towers, D.NO:-1-18-6 PLOT NO:-3&4 A S Rao Nagar, Secunderabad",0,4.0,655,[]
restaurant,20291729,Istan Shawarma,"1-24/4/A, Qutubullapur, KNR Green Valley Road, Opposite Water Tank, Nizampet, Hyderabad",0,3.7,526,[]
restaurant,20630344,Imli Sarai,"8-2-590, Road 10, opposite Bulchand Trading Pvt Ltd, Opposite Taj Krishna, Banjara Hills, Hyderabad",0,4.2,749,[]
restaurant,22418369,Kaya Restaurant,"Survey 11/33, Gowthamanagar Khanamet Village, Serlingampally Circle 20, Serilingampally, Madhapur, Hyderabad",0,3.8,5,[]
restaurant,19337867,Ala The Terrace Lounge,"3, 8, 9, 5th floor, Kompally, Hyderabad",0,4.2,"1,312",[]
restaurant,22609434,Leon's Burgers & Wings,"Door 8-2-293/82/L/283/A-1, MLA Colony, Road 12, Banjara Hills, Hyderabad",0,4.0,831,[]
restaurant,22596089,Dosa Exc.,"Road 78, Jubilee Hills, Film Nagar, Hyderabad",0,4.0,24,[]
restaurant,20373698,Theobroma,"Divyasree Techridge, Lanco Hills, Survery 201, Ranga Reddy District, Manikonda, Hyderabad",0,3.8,"4,943",[]
restaurant,19150885,Theory Patisserie & Cafe,"Plot 178, Street 15, Jubilee Hills, Hyderabad",0,4.4,"2,546",[]
restaurant,18472046,Pista House,"2-48, Plot 424, Opposite Care Hospital, Preston Prime Mall, Gachibowli, Hyderabad",0,4.0,60K,[]
restaurant,20847524,Popeyes,"7-1-208/2, Unit 3F-FC-16, 3rd Floor, Satyam AAA Mall, Balkampet Road, Ameerpet, Hyderabad",0,4.0,"2,676",[]
restaurant,19863222,Sri Kanya Comfort,"2-22-298, Survey 169, 5th Floor, Pnr Empire Building, Kukatpally, Hyderabad",0,4.1,24.6K,[]
restaurant,22318800,Dokii Dokii,"Road 45, Plot 1335/H, Ground floor, Jubilee Hills, Hyderabad",0,4.4,130,[]
restaurant,22519280,Good Flippin' Burgers,"House 5-5-32/1/B/IV-F/SC L4-19, Circle 24, Lakeshore Mall Y Junction, Kukatpally, Hyderabad",0,3.6,145,[]
restaurant,18680613,Barbeque Nation,"Survey 1009, 4th Floor, Nexus Mall, KPHB 6, Kukatpally, Hyderabad",0,4.1,"7,355",[]
restaurant,91786,Kismet - The Park,"22, 1st Floor, Raj Bhavan Road, The Park, Somajiguda, Hyderabad",0,4.1,"1,176",[]
restaurant,20698812,Ala Dakshinapuramlo,"Phoenix Tower A, 3rd Floor, Hitech City, Hyderabad",0,4.0,"6,300",[]
restaurant,94243,Punjabi Affair,"2-40/1/19/A, Kondapur Main Road, Kondapur, Hyderabad",0,4.3,30.9K,[]
restaurant,21728243,Mirell Restaurant,"Plot 51/52, Ground Floor, Chhatwals building, BN Reddy Colony, Rai Durg, BNR Hills, Jubilee Hills, Hyderabad",0,4.5,414,[]
restaurant,91987,A'la Liberty,"2nd Floor, Leela Gopal Towers, Road 12, Near Century Hospital, Banjara Hills, Hyderabad",0,4.2,"6,126",[]
restaurant,21892017,Ulavacharu,"Plot 2/48, D.R Colony, Circle 24, Kukatpally, Hyderabad",0,4.3,"2,322",[]
restaurant,20975349,Wah Mandi,"201/B, Survey 35, Second Floor, Paradigm SSS Square, Opposite AMB Cinemas, Near Mahindra showroom, Kondapur, Laxmi Cyber City, Whitefields, HITEC City, Kothaguda, Hyderabad",0,4.2,"2,346",[]
restaurant,21061893,Peshawri - ITC Kohenur,"Plot 5, Survey 83/1, Knowledge City, ITC Kohenur, Madhapur, Hitech City, Hyderabad",0,4.5,399,[]
restaurant,21623162,The Spice Of Orugallu,"Survey 36/1, Narapally, Hyderabad",0,4.0,"1,385",[]
restaurant,20573278,Vajra Indo - Chinese Fooderia,"House 11-13-874/6, Green Hills Colony, Road 3, Kothapet, Hyderabad",0,4.0,"4,926",[]
restaurant,96007,Ci Gusta!,"Plot 66, 43P, 44P, 45 & 48, Kavuri Hills, Madhapur, Hyderabad",0,4.5,"4,737",[]
restaurant,18719392,Chai Point,"Shop 3A, 3rd Floor, Food Court, GVK One Mall, Road 1, Banjara Hills, Hyderabad",0,4.1,"8,105",[]
restaurant,22566903,Gipis Pizza House,"3-6-156/A, Shop 1, Urdu Gali, Circle 17, Himayath Nagar, Hyderabad",0,4.2,107,[]
restaurant,18662524,Sri Raghavendra pure Veg,"7-2-505, SRT 284, Sanath Nagar, Hyderabad",0,3.3,"9,282",[]
restaurant,19090909,Pizza Hut,"Plot 67, Road 4, Chandrapuri Colony, L B Nagar, Hyderabad",0,4.1,18.9K,[]
restaurant,21298836,Trick Bar & Kitchen by 10D,"Aparna Mall, HUDA Layout, Nallagandla, Hyderabad",0,4.3,"1,662",[]
restaurant,18825476,Pakka Local,"2-30/4, First Floor, Apurupa Silpi, Indira Nagar, Gachibowli, Hyderabad",0,4.1,12.3K,[]
restaurant,20927925,Habibo,"7-1-208/2, Survey 157, 2nd Floor, AAA Satyam Mall, Ameerpet, Hyderabad",0,4.2,"2,301",[]
restaurant,22549910,Forest Arabian Mandi House,"2-38/A, Madhapur, Pride, Guttala Begumpet, Madhapur, Hyderabad",0,3.6,97,[]
restaurant,18886656,Levant,"Plot 17, Door 8-2-277/17/1/2/3, UBI Colony, Road 3, Banjara Hills, Hyderabad",0,4.4,"1,576",[]
restaurant,21685153,Rayalaseema Spice ,"Survey 71/77, Plot 111-B/500-B/112-B/499-B, 2nd Floor, Raghavendra Colony, Serlingampally Circle 20, Kondapur, Hyderabad",0,4.5,"2,266",[]
restaurant,18678114,By The Bay,"Eat Street, By The Bay, PV Narasimha Rao Marg, Near Water front Hussain Sagar, Necklace Road, Hyderabad",0,4.3,"2,722",[]
restaurant,92687,Subhan Bakery - Since 1948,"11-6-467, Nampally Market, Nampally, Hyderabad",0,4.3,12K,[]
restaurant,96085,KFC,"Gun Foundry, Near SBI, Abids, Hyderabad",0,4.0,15.6K,[]
restaurant,20956166,House Of Bagaara,"Plot 10, Square One Inorbit Mall Road, Madhapur, Hyderabad",0,4.3,"4,340",[]
restaurant,22733905,Pikadilli,"House 1-73/40/34/1 And 1-73/40/34/2, Plot 34/1, Manikonda, Hyderabad",0,4.3,118,[]
restaurant,18711711,Dum Pukht Begum's- ITC Kohenur,"Plot 5, Survey 83/1, Hyderabad Knowledge City, ITC Kohenur, Madhapur, Hitech City, Hyderabad",0,4.3,671,[]
restaurant,20971934,Namchi - Fusion Of Taste Buds,"Shop 402, Raichandani Capital, Circle 18, Jubilee Hills, Banjara Hills, Hyderabad",0,4.2,350,[]
restaurant,20381073,The Night Bird,"4th & 5th Floor, Hanuman Nagar, Near Amplio Business Centre, Hitex Road, Kothaguda, Hyderabad",0,4.3,789,[]
restaurant,21851492,Pista House Mandi,"7-2-1735, Serial 60/9, Plot 4, Ground Floor, Endecos Alladin County, A Block, Sanath Nagar, Hyderabad",0,3.9,426,[]
restaurant,22023889,Pind To Plate,"Plot 133 & 130, 5th Floor, Near Intune Showroom, Botanical Garden Road, Kondapur, Hyderabad",0,3.9,"1,607",[]
restaurant,22534923,Blue Tokai Coffee Roasters - Origins,"Shop 1, Ground Mezzanine Floor 8-2-293/82/L/249/A, MLA Colony, Road 12, Banjara Hills, Hyderabad",0,4.3,72,[]
restaurant,19065945,Beijing Bites,"Unit 14, 4th Floor, Sarath City Capital Mall, Kothaguda, Hyderabad",0,3.5,241,[]
restaurant,21957106,Daak Coffee House,"House 8-2-293/82/A/1293/A, Plot 1293/A, Circle 18, Road 63, Jubilee Hills, Hyderabad",0,4.3,799,[]
restaurant,22531959,Kasoori,"6th Floor, Glacier Building Circle, Opposite Google Office, Whitefields, Hyderabad",0,3.8,194,[]
restaurant,92643,Chill Restaurant And Terrace - Radisson Blu Plaza Hotel,"Radisson Blu Plaza Hotel, 8-2-409, Road 6, Banjara Hills, Hyderabad",0,4.4,711,[]
restaurant,22518778,The Bun-Wigi,"Megacity, Vimal Nagar, Zahara Nagar, Banjara Hills, Hyderabad",0,4.5,211,[]
restaurant,91876,Food Exchange,"R. Gandhi International Airport, Shamshabad, Hyderabad",0,4.1,"1,055",[]
restaurant,22132179,Aura Night Club,"Survey 11, Plot 323, 7th Floor, Excello Building, 100 Feet Road, Madhapur, Hyderabad",0,4.4,197,[]
restaurant,21377468,Thrivesome Cafe Co,"Ground Floor, MK Plaza, LIG, 7-1/267, HUDA Layout, Nallagandla, Hyderabad",0,4.4,208,[]
restaurant,21715393,Barracks & Ante Room,"50 Sainikpuri Road, Telecom Colony, Vayupuri, Sainikpuri, Secunderabad",0,4.1,546,[]
restaurant,18313026,10 Downing Street,"10th Floor,  SLN Terminus Mall, Gachibowli, Hyderabad",0,4.0,"5,651",[]
restaurant,21945087,The Veg Venjan,"8 & 9, 3-6-111, AP State Housing Board, Near Far East Plaza, Himayath Nagar, Hyderabad",0,4.1,440,[]
restaurant,20283473,Milano Ice Cream,"1185, Road 45, Jubilee Hills, Hyderabad",0,4.3,"1,534",[]
restaurant,20522094,The Funnel Hill Creamery,"6-3-1219A, Premises Of Country Club, Begumpet Circle 30, Begumpet, Hyderabad",0,4.4,"2,477",[]
restaurant,22240738,Ala Dakshinapuramlo,"5th Floor, Sarath City Capital mall, Gachibowli, Telangana, Kondapur, Hyderabad",0,4.3,"1,053",[]
restaurant,18382171,Mamagoto,"Survey 13, Ground Floor, Western Pearl Building, Kondapur, Hyderabad",0,4.5,10.1K,[]
restaurant,19254200,Maks Kitchen,"10-3-76, 4th Floor, PVNR Expressway, Opposite Pillar 3, Mehdipatnam, Hyderabad",0,4.3,"8,288",[]
restaurant,20714537,Whisky Samba,"Gate 3, Salarpuria Sattva Knowledge City, Silpa Gram Craft Village, Hitech City, Hyderabad",0,4.4,586,[]
restaurant,21628399,Mazuri Cafe,"8-2-418/1, Resham Bagh, Road 4, Banjara Hills, Hyderabad",0,4.1,389,[]
restaurant,22147692,Pizza Zone,"160-1, 1st Floor, Circle 30, S P Road, Secunderabad",0,4.2,145,[]
restaurant,21986555,Machilli Patnam,"Door 2-65/1/A/3, Survey 131/1/E, Khajaguda, Manikonda, Hyderabad",0,4.1,911,[]
restaurant,97236,T Grill,"Survey-324, Puppalaguda, Rajendra Nagar, Financial District, Hyderabad",0,3.7,"5,571",[]
restaurant,22728393,Wok 'n' Biryani,"D 1, 5, 1055/87/1, Survey 589/P, HMT Officers Colony, Circle 27, Medchal Road, Hyderabad",0,4.0,32,[]
restaurant,22676261,Alley Pally Cafe,"Plot 986, Residential Colony, Serlingampally Circle 20, Nallagandla, Hyderabad",0,3.5,23,[]
restaurant,18375831,Chama Gaucha,"Radisson, Hitech City, Gachibowli, Hyderabad",0,3.9,418,[]
restaurant,21662716,Feranoz,"Door 8-2293/82/C/411, Plot 411, Co-Operative House Building Society, Circle 18, Road 82, Jubilee Hills, Hyderabad",0,4.1,993,[]
restaurant,20517056,True Black Speciality Coffee,"H.no 8-2-293/83/a/1069/a, The Jubilee Hills Cooperative House Building Society Ltd, Jubilee Hills Road Number 45, Jubilee Hills, Hyderabad",0,4.5,"1,710",[]
restaurant,21477918,Temple Tree,"Plot 36, Sanjeevaiah Nagar Colony, Circle 29, Chandulal Baradari, Sikh Village, Tarbund Cross Road, Bowenpally, Secunderabad",0,4.6,787,[]
restaurant,22387542,Aranyam - The Jungle Theme Restaurant,"2nd Floor, CCPL Mall, Vimala Devi Nagar Colony, Malkajgiri, Secunderabad",0,4.2,134,[]
restaurant,20981395,Adbhutaaharam,"Survey 72/1, 2nd Floor, Sri Tirumala Hub, Raidurga Nava Kalsha, Manikonda, Hyderabad",0,4.2,653,[]
restaurant,20454041,Hibacci -North East Asian Kitchen,"Road 7, 4th Floor, In House Furniture, Banjara Hills, Hyderabad",0,4.3,"4,442",[]
restaurant,22658621,Oota,"Commerzone Road, Silpa Gram Craft Village, Madhapur, Hitech City, Hyderabad",0,4.3,51,[]
restaurant,20978225,Anthe Kitchen,"2nd Floor, Phase 2, Cybergrub, Hitech City, Hyderabad",0,3.7,"2,471",[]
restaurant,18265585,Drunkyard,"1-73/420, Main Road, Gachibowli, Hyderabad",0,4.2,"2,437",[]
restaurant,21197375,Fondof Coffee Lounge,"2-40/67, Survey 23 to 28, Road 1, Jubilee Garden, Kothaguda, Kondapur, Hyderabad, Kothaguda, Hyderabad",0,4.4,598,[]
restaurant,19249746,Gudgudee - Tickle Your Tastebuds,"Pillar 1736, 4th floor, Sunrise Developers, Near Fortune Towers, Madhapur, Hyderabad",0,4.5,"2,829",[]
restaurant,21019594,Wool Cup - Urban Cafe & Bistro,"8-2-293/82/F/C/55, Road 1, Jubilee Hills, Hyderabad",0,4.1,85,[]
restaurant,20448735,Magnolia Bakery,"776/A, Ground Floor, Manakchand Plaza, Road 45 & 39, Jubilee Hills, Hyderabad",0,4.3,"4,984",[]
restaurant,18657899,Peshawar,"6-2-30/E, Near DHL Office, Lakdikapul, Hyderabad",0,3.9,"8,664",[]
restaurant,18622990,Kritunga Restaurant - Jagavi's,"D 2-189/1/101/102/103 & 104, Ramaraju Colony, Suchitra, Jeedimetla, Hyderabad",0,4.0,42.3K,[]
restaurant,21399493,Pariwar Dhaba,"Door 9-4-77/3/B, Rethi Bowli Road, t.S, Jubilee Hills Circle 18, Tolichowki, Hyderabad",0,3.2,"1,727",[]
restaurant,19191302,Nasha Fine Dine & Bar,"NCL Shankari, Block A & B, Basheerabad, Quthballapur, Kompally, Hyderabad",0,4.3,416,[]
restaurant,92587,Mekong,"Green Lands, Begumpet, Hyderabad",0,4.7,"2,079",[]
restaurant,22719267,Kipling's Déli & Bistro,"4th Floor, Software Units Layout, Vittal Rao Nagar, Hitech City, Hyderabad",0,4.1,48,[]
restaurant,19239754,Tiger Lily Bistro,"272, Road 10, Near Sbricks Castle, Venkatagiri, Jubilee Hills, Hyderabad",0,4.3,"3,783",[]
restaurant,22435872,Kafika,"Masjid banda Main Road, Camelot Layout, Kondapur, Hyderabad",0,4.4,237,[]
restaurant,90302,Ohri's Ming's Court,"Door 5-9-30/16-20, Ohri Cuisine Court, Basheer Bagh, Hyderabad",0,4.5,"7,883",[]
restaurant,22592242,Grevo Cafe,"House 2-2-7/5/1/2, Ground Floor, DD Colony, Circle 16, Amberpet, Hyderabad",0,4.0,36,[]
restaurant,21536513,Vanam South Indian Kitchen & Bar,"Plot 644, Road 36, Near Metro Station, Madhapur, Aditya Enclave, Venkatagiri, Jubilee Hills, Hyderabad",0,4.1,"3,649",[]
restaurant,22518082,Paneer Palace Pure Veg Multicuisine Fine Dine Restaurant,"5th Floor, Fortune Enclave, Road 12, Banjara Hills, Hyderabad",0,4.2,323,[]
