Id,Title,Color,Size,Price,Buying URL,primary_image_url
95193995,Women&#39;s Tie-Front Midi Dress - A New Day&#8482; Black XS,Black,XS,35.0,https://www.target.com/p/women-39-s-tie-front-midi-dress-a-new-day-8482-black-xs/-/A-95193995,https://target.scene7.com/is/image/Target/GUEST_a531b873-d47c-4466-a969-2e82ac021a32
95193996,Women&#39;s Tie-Front Midi Dress - A New Day&#8482; Black S,Black,S,35.0,https://www.target.com/p/women-39-s-tie-front-midi-dress-a-new-day-8482-black-s/-/A-95193996,https://target.scene7.com/is/image/Target/GUEST_a531b873-d47c-4466-a969-2e82ac021a32
95193997,Women&#39;s Tie-Front Midi Dress - A New Day&#8482; Black M,Black,M,35.0,https://www.target.com/p/women-39-s-tie-front-midi-dress-a-new-day-8482-black-m/-/A-95193997,https://target.scene7.com/is/image/Target/GUEST_a531b873-d47c-4466-a969-2e82ac021a32
95193998,Women&#39;s Tie-Front Midi Dress - A New Day&#8482; Black L,Black,L,35.0,https://www.target.com/p/women-39-s-tie-front-midi-dress-a-new-day-8482-black-l/-/A-95193998,https://target.scene7.com/is/image/Target/GUEST_a531b873-d47c-4466-a969-2e82ac021a32
95193999,Women&#39;s Tie-Front Midi Dress - A New Day&#8482; Black XL,Black,XL,35.0,https://www.target.com/p/women-39-s-tie-front-midi-dress-a-new-day-8482-black-xl/-/A-95193999,https://target.scene7.com/is/image/Target/GUEST_a531b873-d47c-4466-a969-2e82ac021a32
95194000,Women&#39;s Tie-Front Midi Dress - A New Day&#8482; Black XXL,Black,XXL,35.0,https://www.target.com/p/women-39-s-tie-front-midi-dress-a-new-day-8482-black-xxl/-/A-95194000,https://target.scene7.com/is/image/Target/GUEST_375f11af-f163-4d67-8782-9e42fa48e69f
95194001,Women&#39;s Tie-Front Midi Dress - A New Day&#8482; Black 1X,Black,1X,35.0,https://www.target.com/p/women-39-s-tie-front-midi-dress-a-new-day-8482-black-1x/-/A-95194001,https://target.scene7.com/is/image/Target/GUEST_375f11af-f163-4d67-8782-9e42fa48e69f
95194002,Women&#39;s Tie-Front Midi Dress - A New Day&#8482; Black 2X,Black,2X,35.0,https://www.target.com/p/women-39-s-tie-front-midi-dress-a-new-day-8482-black-2x/-/A-95194002,https://target.scene7.com/is/image/Target/GUEST_375f11af-f163-4d67-8782-9e42fa48e69f
95194003,Women&#39;s Tie-Front Midi Dress - A New Day&#8482; Black 3X,Black,3X,35.0,https://www.target.com/p/women-39-s-tie-front-midi-dress-a-new-day-8482-black-3x/-/A-95194003,https://target.scene7.com/is/image/Target/GUEST_375f11af-f163-4d67-8782-9e42fa48e69f
95194004,Women&#39;s Tie-Front Midi Dress - A New Day&#8482; Black 4X,Black,4X,35.0,https://www.target.com/p/women-39-s-tie-front-midi-dress-a-new-day-8482-black-4x/-/A-95194004,https://target.scene7.com/is/image/Target/GUEST_375f11af-f163-4d67-8782-9e42fa48e69f
95193986,Women&#39;s Tie-Front Midi Dress - A New Day&#8482; Blue XS,Blue,XS,35.0,https://www.target.com/p/women-39-s-tie-front-midi-dress-a-new-day-8482-blue-xs/-/A-95193986,https://target.scene7.com/is/image/Target/GUEST_790cd4fe-7ce8-48b4-a1fa-36e38375c32e
95193987,Women&#39;s Tie-Front Midi Dress - A New Day&#8482; Blue S,Blue,S,35.0,https://www.target.com/p/women-39-s-tie-front-midi-dress-a-new-day-8482-blue-s/-/A-95193987,https://target.scene7.com/is/image/Target/GUEST_790cd4fe-7ce8-48b4-a1fa-36e38375c32e
95193988,Women&#39;s Tie-Front Midi Dress - A New Day&#8482; Blue M,Blue,M,35.0,https://www.target.com/p/women-39-s-tie-front-midi-dress-a-new-day-8482-blue-m/-/A-95193988,https://target.scene7.com/is/image/Target/GUEST_790cd4fe-7ce8-48b4-a1fa-36e38375c32e
95193989,Women&#39;s Tie-Front Midi Dress - A New Day&#8482; Blue L,Blue,L,35.0,https://www.target.com/p/women-39-s-tie-front-midi-dress-a-new-day-8482-blue-l/-/A-95193989,https://target.scene7.com/is/image/Target/GUEST_790cd4fe-7ce8-48b4-a1fa-36e38375c32e
95193990,Women&#39;s Tie-Front Midi Dress - A New Day&#8482; Blue XL,Blue,XL,35.0,https://www.target.com/p/women-39-s-tie-front-midi-dress-a-new-day-8482-blue-xl/-/A-95193990,https://target.scene7.com/is/image/Target/GUEST_790cd4fe-7ce8-48b4-a1fa-36e38375c32e
95193991,Women&#39;s Tie-Front Midi Dress - A New Day&#8482; Blue XXL,Blue,XXL,35.0,https://www.target.com/p/women-39-s-tie-front-midi-dress-a-new-day-8482-blue-xxl/-/A-95193991,https://target.scene7.com/is/image/Target/GUEST_0c95debf-cd6b-465a-a0ae-3b06de61bf89
95193992,Women&#39;s Tie-Front Midi Dress - A New Day&#8482; Blue 1X,Blue,1X,35.0,https://www.target.com/p/women-39-s-tie-front-midi-dress-a-new-day-8482-blue-1x/-/A-95193992,https://target.scene7.com/is/image/Target/GUEST_0c95debf-cd6b-465a-a0ae-3b06de61bf89
95193993,Women&#39;s Tie-Front Midi Dress - A New Day&#8482; Blue 2X,Blue,2X,35.0,https://www.target.com/p/women-39-s-tie-front-midi-dress-a-new-day-8482-blue-2x/-/A-95193993,https://target.scene7.com/is/image/Target/GUEST_0c95debf-cd6b-465a-a0ae-3b06de61bf89
95193994,Women&#39;s Tie-Front Midi Dress - A New Day&#8482; Blue 3X,Blue,3X,35.0,https://www.target.com/p/women-39-s-tie-front-midi-dress-a-new-day-8482-blue-3x/-/A-95193994,https://target.scene7.com/is/image/Target/GUEST_0c95debf-cd6b-465a-a0ae-3b06de61bf89
1009001350,Women&#39;s Tie-Front Midi Dress - A New Day&#8482; Blue 4X,Blue,4X,35.0,https://www.target.com/p/women-39-s-tie-front-midi-dress-a-new-day-8482-blue-4x/-/A-1009001350,https://target.scene7.com/is/image/Target/GUEST_0c95debf-cd6b-465a-a0ae-3b06de61bf89
